{"type":"FeatureCollection","features":[{"type":"Feature","properties":{"id":"B09B","name":"Iceberg B09B","latitude":-66.06608,"longitude":143.15346,"length":"27 NM","width":"10 NM","areaSqKm":508.94,"status":"Current","lastUpdate":"08/27/2026"},"geometry":{"type":"Polygon","coordinates":[[[143.08680029978788,-66.13047462376537],[143.05301712985278,-66.12929606693675],[143.0490926963411,-66.1293889182767],[143.03755395107535,-66.12919400753384],[143.03161649216509,-66.12825307188122],[143.02366511959355,-66.12633597726382],[143.01570447031943,-66.12421981196665],[142.9937188284664,-66.11646145132842],[142.958518320481,-66.1039425043054],[142.9487921138139,-66.10054598649997],[142.92248500463197,-66.08367322652616],[142.91568897089172,-66.07985362674827],[142.91294589514723,-66.0765976463066],[142.88779201304268,-66.06764229221011],[142.838595882523,-66.04326748962976],[142.81896372887678,-66.02467016016729],[142.73610177627498,-66.00055205617616],[142.69565886071305,-65.99513536192967],[142.68003784633743,-65.99226374667636],[142.653449398883,-65.9882694627003],[142.64007529937487,-65.98625792556908],[142.6355868265944,-65.98350485139848],[142.63427754532438,-65.98103026062287],[142.63329718344227,-65.97679810378466],[142.63159685089363,-65.97582958660557],[142.62459090576442,-65.97330432762958],[142.60334942611027,-65.96780970807298],[142.59795761403458,-65.96684828352699],[142.59572799726016,-65.96576901175602],[142.5946916643406,-65.96398771565923],[142.5945599206977,-65.9602152985003],[142.59398301490026,-65.9576370215063],[142.5928572498495,-65.9532747072477],[142.59401511720503,-65.95158004568745],[142.60003908606242,-65.94985700520245],[142.60896759257045,-65.94771940821747],[142.617626260573,-65.94488784098452],[142.6211785730133,-65.94218578363392],[142.62011991251157,-65.93980923281816],[142.62049197556027,-65.93662983506087],[142.62406422984859,-65.93452336453078],[142.63222994599877,-65.93169395949627],[142.639689981436,-65.92956341426365],[142.6501025505268,-65.92840700883671],[142.6579111486157,-65.92915256599869],[142.66526413874746,-65.93069485102671],[142.6712885614397,-65.93191908622259],[142.6723711782974,-65.93213904944469],[142.6818044670755,-65.93262775222796],[142.68260537311033,-65.93266921446912],[142.69472289838154,-65.93159777312684],[142.70281240334538,-65.93323260412957],[142.7085031072478,-65.93567720094956],[142.72140244944416,-65.93588901138493],[142.72802532747642,-65.93763777378872],[142.73100056615257,-65.94019588658263],[142.76874840441823,-65.94752310096061],[142.77249610825498,-65.94663856179746],[142.78085841185577,-65.94657912048486],[142.78433939780155,-65.94795055587782],[142.7920898191128,-65.95130811095088],[142.79897366366498,-65.95218916804106],[142.80397739658096,-65.95354908695604],[142.80710101534444,-65.955388076631],[142.81755374119868,-65.95950032403985],[142.8259900567265,-65.9609892441992],[142.8340260674419,-65.96201520760147],[142.84207691151207,-65.96335092704847],[142.8505731176628,-65.96607924629915],[142.85787976651832,-65.9677300968888],[142.8783130677974,-65.97331277899227],[142.8942533639472,-65.97675964418163],[142.92757782794502,-65.98075657413874],[142.92778950445748,-65.98083068925017],[142.9339872462789,-65.98295233572418],[142.94287430729588,-65.98551701981988],[142.9497738983186,-65.98639079031214],[142.9570469256393,-65.98710592103771],[142.95777468709497,-65.98719801728504],[142.96624783399142,-65.98826995109305],[142.98393888422459,-65.99153342999709],[142.9967635214209,-65.99534133258446],[143.0001926435657,-65.99635910997915],[143.01202467930437,-65.99672142927393],[143.02344148773918,-65.99513574064116],[143.02969106191682,-65.99611730380407],[143.03030731042602,-65.99655994636262],[143.03468911223536,-66.00009023772404],[143.03976714227363,-66.00237267858463],[143.04872389109917,-66.00586155541878],[143.05453274812317,-66.00751615271481],[143.06190092115858,-66.00977710622881],[143.07120197767705,-66.0124855663444],[143.08346784114534,-66.01361399911262],[143.09033964038264,-66.01304583947463],[143.0916098707953,-66.01331731842531],[143.1259726850342,-66.01074934480442],[143.13148518588923,-66.01119273936574],[143.14319280443743,-66.01107972216666],[143.1709395259943,-66.00574215440464],[143.18351393092885,-66.00324287457785],[143.28939357791748,-66.01127502948435],[143.30600425148646,-66.01149309874717],[143.32120351796019,-66.01619492688543],[143.3503533904835,-66.02491263372082],[143.3751173340562,-66.03347590279026],[143.38405600226065,-66.03555998915145],[143.39072326393912,-66.03657669896073],[143.4001943272067,-66.03924983008734],[143.4074905860745,-66.04224559064683],[143.41896168921593,-66.04549055871087],[143.42659624981997,-66.04629568664346],[143.43346329792217,-66.04661264151395],[143.44389204072132,-66.04887436072906],[143.46531616487775,-66.0543824338134],[143.478669131326,-66.0564079836744],[143.48919776723164,-66.05657872017261],[143.50205063946947,-66.05840945237144],[143.5275553650823,-66.06256683895766],[143.56681894153775,-66.06734097389982],[143.58238066426338,-66.06922961109846],[143.59677681713427,-66.07182721528727],[143.61000832863976,-66.0751341671251],[143.61910971040388,-66.07879202705588],[143.62349691001407,-66.0804618494627],[143.61173767331985,-66.08832578113092],[143.58411780869088,-66.09554209479789],[143.58368881739293,-66.09554757815734],[143.57688211816605,-66.09623071502959],[143.5720484082719,-66.09708723635201],[143.56807864558766,-66.09962212455557],[143.56581407596795,-66.10203596527613],[143.56356429596968,-66.10464836198972],[143.5637779528333,-66.10742840092712],[143.56354745897184,-66.10788958804119],[143.56207821795894,-66.11082894256579],[143.56025608648417,-66.11264086903736],[143.55441388733914,-66.11639169685073],[143.5421431933264,-66.12270736000556],[143.53145403103954,-66.12731279857928],[143.5174478055814,-66.13354852700849],[143.50777505001136,-66.13700480458299],[143.50621397514018,-66.13756245516765],[143.50740196133464,-66.14033091960087],[143.51700325018314,-66.14399021585933],[143.51753700649854,-66.14419359312447],[143.53088629643463,-66.15401612478604],[143.5359689293602,-66.16291823730492],[143.5357814891345,-66.16502963624609],[143.53474223224822,-66.16752761164884],[143.5348927846508,-66.16951382447472],[143.53739656957353,-66.17335955431196],[143.54086850948798,-66.17699444788364],[143.5418397101446,-66.18006400772778],[143.54160548102934,-66.18344683266633],[143.53919753343393,-66.18735377045513],[143.53628216892676,-66.19106818330229],[143.53576260154395,-66.19172678868861],[143.53358907101872,-66.19448158002571],[143.5306696037379,-66.19491534554203],[143.52176093154296,-66.19422987017899],[143.51325504380483,-66.19234597613253],[143.50530131755778,-66.1912501603545],[143.49636532438805,-66.19016581994407],[143.48769791428998,-66.18937591708246],[143.4774400445332,-66.1870140413187],[143.4642937249949,-66.18548110970487],[143.44674095682706,-66.18419773624717],[143.43341645930408,-66.18355873105564],[143.41610552415167,-66.18216938389959],[143.3953018660291,-66.18002263874044],[143.37121997944053,-66.17661760942488],[143.34531183598904,-66.17153908580072],[143.34248127291855,-66.17100525303204],[143.22707191272218,-66.1522907637235],[143.21950712765877,-66.15210290952795],[143.1595077133636,-66.14236560609957],[143.1261111453068,-66.13436493942126],[143.08680029978788,-66.13047462376537]]]}},{"type":"Feature","properties":{"id":"C15","name":"Iceberg C15","latitude":-65.83669,"longitude":143.02438,"length":"14 NM","width":"10 NM","areaSqKm":213.53,"status":"Current","lastUpdate":"08/27/2026"},"geometry":{"type":"Polygon","coordinates":[[[142.92659907812163,-65.75972635728945],[142.9323886951819,-65.75841736405685],[142.93713129018613,-65.75798358162437],[142.95515134764045,-65.75438621235772],[142.9670199593139,-65.75305157568901],[142.97092470912293,-65.75217131529223],[142.97151582601296,-65.75209064056516],[142.97835310338942,-65.75396130735373],[142.9828455733862,-65.75582451630297],[142.98725225932026,-65.75634846943028],[142.99328794123016,-65.75685444437043],[143.00138355373224,-65.75892098054275],[143.00254166873012,-65.76140545990508],[142.99466347327774,-65.76538023225478],[142.99175569482327,-65.76806812783767],[142.99591342744745,-65.77147355598484],[143.00236620215063,-65.77251966596091],[143.00251125749332,-65.77254317815857],[143.00297510321903,-65.77264948707227],[143.0220650486462,-65.77702260059003],[143.03160797873818,-65.77746958033605],[143.03677426073222,-65.77643162221196],[143.04171406416052,-65.77447358935608],[143.04179394679997,-65.77444304420949],[143.0453054000746,-65.77371297493309],[143.04985094700882,-65.77268080334294],[143.05366387395725,-65.77258841567861],[143.05458363198852,-65.77285626900537],[143.061171848099,-65.7747745417493],[143.06173678388973,-65.77647222437236],[143.06207129479495,-65.77747736082674],[143.06217774991833,-65.77963357400152],[143.06614411256575,-65.78236667183361],[143.07437687762481,-65.786358158649],[143.0838679424868,-65.78950107002923],[143.08747256602095,-65.79089955753729],[143.08787827998992,-65.79180526916221],[143.08830194660024,-65.79299753921347],[143.09041189660172,-65.79392647275358],[143.09448033471546,-65.79396685279966],[143.0961213322879,-65.793952959772],[143.09701682009725,-65.79425158252508],[143.10221981944775,-65.79806457667524],[143.10409708717492,-65.80042903559796],[143.10904407292693,-65.80282279092816],[143.11270206968624,-65.80366578005945],[143.11744527503083,-65.80547770687208],[143.12002908403667,-65.8058864696789],[143.12108859270472,-65.80543971947138],[143.1214345695283,-65.80473788418563],[143.12125879833815,-65.80458826431553],[143.1206522434868,-65.80407193434866],[143.121213759532,-65.80353805191655],[143.12244391524928,-65.80269794570354],[143.12438741287107,-65.80211289413148],[143.12627938361808,-65.80145642090147],[143.12719309464381,-65.8013134881378],[143.12929924202672,-65.80064386365858],[143.13427715333086,-65.80070324281142],[143.13480098926752,-65.80090054918278],[143.13795202622046,-65.80208730583493],[143.1476443501118,-65.80337668251244],[143.1542050406408,-65.80248036411626],[143.16145401849985,-65.8024679579925],[143.16746575000897,-65.80066755204896],[143.16772269752013,-65.8006324106312],[143.17590015593953,-65.79860362495853],[143.18041586365163,-65.79951727604889],[143.18511757267612,-65.80046833242747],[143.18857713455282,-65.80310652800136],[143.18855694159402,-65.80527131422352],[143.18592543631485,-65.8066002924273],[143.1854058294468,-65.80744752229077],[143.18253183799908,-65.81213254355279],[143.18153476096387,-65.818870960289],[143.18380322738224,-65.82270944835169],[143.18809416396044,-65.82652953105796],[143.19158492652042,-65.82777342028737],[143.19607764889412,-65.82951266219347],[143.19885545125734,-65.82905362565921],[143.20189935108112,-65.82922837903834],[143.20781792053998,-65.83320916542547],[143.20749125187604,-65.83579632732214],[143.2057826169306,-65.83712447064012],[143.20419339006003,-65.83776826126936],[143.20221538634434,-65.84001920126211],[143.20659631983716,-65.84319136525907],[143.20728273695676,-65.84368830026384],[143.21194952950225,-65.8457183193309],[143.21292663156896,-65.84649071190675],[143.21200662667434,-65.84815788687031],[143.21072979423226,-65.84850010522],[143.20824660381888,-65.84916559358787],[143.20914285477755,-65.85129439679683],[143.20950474023775,-65.85147874385335],[143.21310981750287,-65.85331497888086],[143.2155938228968,-65.85597128398632],[143.21615743555276,-65.85840622994507],[143.21373022967143,-65.86029484431629],[143.21303585635215,-65.8610368210257],[143.2114866107089,-65.86269209951216],[143.2122455555928,-65.86514125433911],[143.21264173784343,-65.86542503507485],[143.21987492847262,-65.87060476797903],[143.22408733484303,-65.87136288811686],[143.23257125691057,-65.87391495612998],[143.2383054038881,-65.87606193746261],[143.24430605814658,-65.87876444039475],[143.2461854672106,-65.88096368188982],[143.24853743751945,-65.88323816843102],[143.24828655411045,-65.88499513771067],[143.24262464420787,-65.88887474069068],[143.24204476212182,-65.89489746565809],[143.2434258024126,-65.89680689323117],[143.24359357024156,-65.90059860633953],[143.24266322496038,-65.902572756234],[143.24120151848177,-65.90365021368298],[143.23972092059137,-65.90474148620507],[143.2305077891271,-65.90675419945785],[143.20498158282302,-65.90632195290665],[143.19838933484013,-65.90732965660742],[143.19825350742678,-65.90744995787213],[143.19455005622572,-65.91072962118464],[143.1911065871169,-65.91357755440669],[143.1849952865111,-65.91674873893412],[143.17769517359534,-65.91911631722704],[143.1744062120474,-65.92114371261546],[143.17190310022576,-65.92140736132288],[143.16300942170986,-65.92133535434706],[143.155375734751,-65.92041359740941],[143.147167482753,-65.91872972452774],[143.14215167777598,-65.91744880821885],[143.1377813199888,-65.91566944577163],[143.1375280545347,-65.9152796941916],[143.14057525788493,-65.91320627579779],[143.13659865249878,-65.91182032015054],[143.13024412063112,-65.91155652801173],[143.13024388619223,-65.9115564596149],[143.12316707720927,-65.90994538169835],[143.09639298169236,-65.90805277998916],[143.08633748263762,-65.90576951835381],[143.0802428694884,-65.90706653842126],[143.07289129910794,-65.90762598764248],[143.06735068495357,-65.9065750648787],[143.0661816346849,-65.90636553444646],[143.06225178612831,-65.906296766492],[143.05023550426435,-65.90373507002958],[143.036086572319,-65.90013730194161],[143.0360721650568,-65.900133635937],[143.0241222780608,-65.89727476723488],[143.011260796004,-65.8926754858783],[143.00042997697201,-65.88970429829448],[142.98811188611413,-65.88779490481286],[142.9790017343957,-65.88601379432428],[142.97519657734335,-65.88526960384299],[142.96737487536407,-65.88326335647487],[142.96381772794163,-65.88235070305102],[142.95929206380657,-65.88074528592149],[142.95764905075498,-65.88074423304028],[142.94856403293397,-65.87916694468892],[142.9436864816039,-65.87628730096878],[142.94134814827248,-65.87375281972228],[142.93953066442737,-65.8717824923049],[142.9365153851451,-65.86826606485499],[142.93461250533056,-65.86651072933878],[142.93197426317604,-65.86463614019978],[142.9276105118892,-65.86339175806327],[142.92033278465252,-65.86108167149172],[142.91429215977286,-65.85960761380457],[142.90767615630975,-65.86175210133113],[142.9004823346813,-65.8649157811005],[142.89435747931483,-65.86729984006239],[142.89096670557421,-65.8677862415748],[142.89021946375823,-65.8675691971046],[142.8709907538348,-65.86475527213445],[142.85494288020914,-65.86088952050265],[142.8527240720332,-65.86018930265682],[142.85038166115774,-65.85944999613554],[142.84570922331338,-65.8582602488873],[142.84408254724985,-65.85703920980009],[142.84169535278062,-65.85524704603186],[142.84186772550478,-65.85345189044143],[142.84553358275187,-65.85230626881186],[142.84908737030347,-65.85141047015833],[142.85108958938665,-65.84975257530243],[142.8457902965781,-65.84743746961182],[142.8450228357789,-65.84710213516858],[142.83973032380848,-65.8455426444063],[142.83525941600044,-65.84320516571799],[142.83251989163094,-65.84157875620602],[142.8320633638222,-65.84004705298739],[142.8319380457982,-65.83998591311114],[142.8314671861431,-65.83904866474056],[142.82977280262935,-65.83567536838433],[142.82755300623273,-65.83238478952892],[142.81856626486737,-65.82981020231335],[142.81479594415063,-65.82797613550608],[142.81416885566202,-65.82767105338154],[142.81103476668625,-65.82517488405453],[142.81022221622416,-65.82261180438378],[142.80986037490868,-65.82147025990173],[142.80952527786943,-65.81905579435433],[142.8099171864017,-65.81818131248222],[142.80979092792606,-65.8180237955143],[142.80870534641602,-65.8166693687574],[142.80676573424273,-65.81678143485091],[142.80567362429824,-65.81684452204934],[142.80046186203748,-65.81714546245829],[142.79591247400109,-65.81570439069452],[142.79206069395852,-65.81341176038755],[142.79163893449646,-65.81316069044537],[142.78647073765174,-65.81008359314572],[142.7807020832836,-65.80680618459657],[142.7796193366714,-65.80611741664156],[142.78137007922257,-65.80553795168393],[142.78133666087493,-65.80549322298376],[142.78204330244645,-65.80388488576786],[142.78520100241047,-65.80266200741427],[142.79699753020049,-65.80024640120156],[142.80402375314674,-65.79647554144276],[142.80796143841587,-65.79540339383705],[142.85044807741636,-65.778252884054],[142.85437805470536,-65.77759081374666],[142.85837892651455,-65.77661941173689],[142.86183943207908,-65.77392100373547],[142.86246120960428,-65.77339686807515],[142.86403674854293,-65.7720686528661],[142.8668271633812,-65.77083132404522],[142.87189356241655,-65.76908075025091],[142.87840323793435,-65.76819786307532],[142.88324251677906,-65.76666162639646],[142.88839938281518,-65.76446830321852],[142.895153715332,-65.76240550984181],[142.90683514520245,-65.7609615711712],[142.91019710902393,-65.76124541305346],[142.91287027966106,-65.76147103762636],[142.9201655501225,-65.76113366141368],[142.92659907812163,-65.75972635728945]]]}},{"type":"Feature","properties":{"id":"C18C","name":"Iceberg C18C","latitude":-68.46993,"longitude":39.07289,"length":"10 NM","width":"2 NM","areaSqKm":53.07,"status":"Current","lastUpdate":"08/27/2026"},"geometry":{"type":"Polygon","coordinates":[[[39.28506521653718,-68.4360329042233],[39.27072779983803,-68.44013033681583],[39.25624316938579,-68.44447555198096],[39.2439581575429,-68.44742953041889],[39.2148948198663,-68.45870864675011],[39.21197459798377,-68.46108746847675],[39.20316523452502,-68.4606634445761],[39.17766642632953,-68.46441314863118],[39.131920850689035,-68.47257027009472],[39.06965652239738,-68.48593261691151],[39.00687821033643,-68.50001725396857],[38.98212421226024,-68.50681816521995],[38.966045377621306,-68.51415700701443],[38.964154738815765,-68.51778702851944],[38.88676237196093,-68.51242053386969],[38.87753069697019,-68.51446448775809],[38.87627268693841,-68.51348460050978],[38.86646744151972,-68.50948194159756],[38.85875271480603,-68.50345323769287],[38.907343328023074,-68.48955669946469],[38.95586971997689,-68.47564567191161],[38.96602506231961,-68.47307264981876],[38.96920784968855,-68.47253855135868],[38.9797445883044,-68.46993318898375],[38.97991735910945,-68.46987494585612],[38.98523058974874,-68.46808321854101],[38.98607159626213,-68.4676137761004],[38.99428351047962,-68.4675240743537],[39.00566542481911,-68.46831847456936],[39.02170946468889,-68.46922016265013],[39.04028421696886,-68.46444847051603],[39.07316684553763,-68.45511303875759],[39.123609256697996,-68.44319177569228],[39.12748201094055,-68.44127829812687],[39.13227219915805,-68.43926143607283],[39.134226901687505,-68.43857323450392],[39.14095174589826,-68.43747271360346],[39.15010202907857,-68.43546200792781],[39.15832340194816,-68.43228904566726],[39.17023603856954,-68.428750392383],[39.17034964271826,-68.4287426536702],[39.17210305342322,-68.42800661093592],[39.17422565112528,-68.42752065823063],[39.180931903674995,-68.42675067119522],[39.186865360892426,-68.42570943814258],[39.192163373779685,-68.42594047444983],[39.19692710345501,-68.42560021056697],[39.20160431719714,-68.42562640866795],[39.20839664566634,-68.4259045593329],[39.215289649958514,-68.42575469354884],[39.22063100214146,-68.42580144969898],[39.22593528340344,-68.42529282408422],[39.23240140234572,-68.42482086881392],[39.23666070761286,-68.42520210715696],[39.24174500463952,-68.42634801920116],[39.244813987845575,-68.42681445402503],[39.257219488158576,-68.425975209141],[39.26229037556839,-68.4250271236056],[39.26504627096652,-68.42468308171887],[39.26820074468844,-68.42478241303827],[39.27024552575719,-68.4253391999741],[39.272636682756,-68.42584529548485],[39.275208162811865,-68.42629547313298],[39.2777655835945,-68.42680670915473],[39.280213751977655,-68.42706825383729],[39.28309763910069,-68.42724155874437],[39.28715797750834,-68.43090052481891],[39.289394961073626,-68.43453573005137],[39.28506521653718,-68.4360329042233]]]}},{"type":"Feature","properties":{"id":"B09G","name":"Iceberg B09G","latitude":-68.18297,"longitude":41.50015,"length":"12 NM","width":"7 NM","areaSqKm":160.06,"status":"Current","lastUpdate":"08/27/2026"},"geometry":{"type":"Polygon","coordinates":[[[41.77562798882247,-68.19094574782004],[41.78163547107345,-68.19274474065692],[41.7894310571574,-68.19608079457132],[41.797522533927776,-68.19785782847147],[41.797858761263804,-68.19832413490138],[41.80136037330117,-68.19989937144166],[41.803503379080446,-68.20263720488997],[41.80322884022106,-68.20340709119756],[41.80030360437727,-68.20451644036079],[41.79589745312435,-68.20552140815143],[41.78941330301673,-68.20620438979978],[41.78114968888696,-68.20667387630304],[41.77556563189397,-68.20790219810627],[41.77057210569336,-68.20912822531359],[41.767058809522254,-68.21045871712924],[41.7641307185733,-68.21156740433536],[41.76089837043293,-68.21234758381149],[41.75834680095226,-68.21213124508316],[41.75467647890931,-68.21181996445259],[41.7484494760944,-68.2110724454366],[41.74283020245532,-68.21098164780571],[41.74101624412642,-68.21109432641656],[41.73722159123502,-68.21132997031009],[41.731921534571,-68.21222625500432],[41.72573152716749,-68.21301542675745],[41.72074420688179,-68.21467918005176],[41.713678714148074,-68.21601989035764],[41.710726947464,-68.21624892830343],[41.70480333257682,-68.2158281896208],[41.7024126495859,-68.21573705352039],[41.70218130668453,-68.21577258931424],[41.695877741772456,-68.2157469451265],[41.6902002037486,-68.21691459252287],[41.68675658722464,-68.2184086538891],[41.680609607310295,-68.21831832902973],[41.67410389830527,-68.21833749031191],[41.6643430565064,-68.21825588432418],[41.658316312335344,-68.21844530845706],[41.6369627172162,-68.21830100722559],[41.6219034339144,-68.21897773800492],[41.61057470927498,-68.22040360528098],[41.598709248070534,-68.22129872761387],[41.59433695328842,-68.22294370154263],[41.590806560755624,-68.22405055864711],[41.588768093582324,-68.22592269478454],[41.587901354152656,-68.22713299952731],[41.5863542003368,-68.22752123518384],[41.580451425528715,-68.22698944160804],[41.5741595229831,-68.22674799045718],[41.567276767669775,-68.22718864129955],[41.56157727170831,-68.22757103046008],[41.55235732353726,-68.22664674487254],[41.54363648151653,-68.22556001825626],[41.533109821772726,-68.22538623087546],[41.527347647987135,-68.2261142633752],[41.52049546427754,-68.22637937244073],[41.510622212084456,-68.22648167690085],[41.487074967941105,-68.22693745584665],[41.45841462469995,-68.22839297560091],[41.45009549167967,-68.22896637439773],[41.43987514946758,-68.22966526755654],[41.43133745166565,-68.23014500000068],[41.42208249005623,-68.23069308336176],[41.41207789505069,-68.23148282235306],[41.402604392755464,-68.23193704343932],[41.396683247947784,-68.23222063560941],[41.388143552884756,-68.23269798256081],[41.385275274745716,-68.23297261162347],[41.377007197743346,-68.23450195937214],[41.36997695754909,-68.23693427466678],[41.36208679642982,-68.23768845912551],[41.34788265469926,-68.23705823390493],[41.328650215118884,-68.23278809463078],[41.32160040068225,-68.22338875386137],[41.319847721444255,-68.21532638020612],[41.3184067014588,-68.20439699782604],[41.30681751218941,-68.18893178138497],[41.294781890182676,-68.17589373589567],[41.29190617429893,-68.16152937545073],[41.29083814756777,-68.15731927664403],[41.29249939228993,-68.1559693201195],[41.294463156838205,-68.1544230611225],[41.29635278026671,-68.15293495302033],[41.30050541576036,-68.15077963475825],[41.30433167124243,-68.14942475221207],[41.305771138457885,-68.14891496740513],[41.30804641994577,-68.14801670649031],[41.30958844195644,-68.14605370122051],[41.31205607253567,-68.14167588635256],[41.31283140095769,-68.13882156557965],[41.31399654795092,-68.13597664551085],[41.31530905675427,-68.13577243536835],[41.327892669838896,-68.13206168676068],[41.33738823226703,-68.12929044908056],[41.341855608865494,-68.12914538657694],[41.344151853667135,-68.1284574786675],[41.34915344950615,-68.12768482645473],[41.352307229285024,-68.12751414925422],[41.35945631736097,-68.12712699969609],[41.364747865887225,-68.12580456532213],[41.36680082926326,-68.12459482164773],[41.3723741728536,-68.12162483525276],[41.37531018500879,-68.1205239330149],[41.38065680483467,-68.11869305205096],[41.381053406861504,-68.11855722024089],[41.38212618668635,-68.11815928387531],[41.38678304512189,-68.11697344168543],[41.38889033566913,-68.11694089519007],[41.392046642683944,-68.11754514120892],[41.395129697113894,-68.11980230633833],[41.39892671654818,-68.12199073940478],[41.40755752573325,-68.12456491661312],[41.41892365547279,-68.12625074037436],[41.44903797223002,-68.13015635971871],[41.49560004344375,-68.13359968426097],[41.521831081599345,-68.13713149506063],[41.53073177049736,-68.13831164456555],[41.53522837438734,-68.1406009320392],[41.54301443308938,-68.14410401762603],[41.56529699274306,-68.15022967648076],[41.59195834642583,-68.15149524832867],[41.60235374781202,-68.15087887057423],[41.63054691008621,-68.1540909813532],[41.678710454155926,-68.16221836479586],[41.69414126226425,-68.16633146721419],[41.70607762036059,-68.16766044806702],[41.7132959659514,-68.16922503053424],[41.71645011253747,-68.17130262941664],[41.7167975645377,-68.172007508518],[41.71948633396799,-68.17407402584843],[41.72328561551233,-68.17512176374856],[41.73129242011501,-68.17757489658301],[41.74556399818514,-68.18174229342164],[41.76736990077113,-68.18883508043791],[41.77562798882247,-68.19094574782004]]]}},{"type":"Feature","properties":{"id":"C24","name":"Iceberg C24","latitude":-64.84282,"longitude":96.01832,"length":"11 NM","width":"3 NM","areaSqKm":57.88,"status":"Current","lastUpdate":"08/27/2026"},"geometry":{"type":"Polygon","coordinates":[[[96.143392272308,-64.84493507610853],[96.12789887273445,-64.84771020751622],[96.1251325490945,-64.84772513481498],[96.12141966302703,-64.8474927509919],[96.11844606238476,-64.84719323930268],[96.11472407661758,-64.84664530934151],[96.1107095219935,-64.84622498733938],[96.10447202210868,-64.84581619739697],[96.0976401116226,-64.84534712013924],[96.09439401265315,-64.8458685565842],[96.08984065499081,-64.84734284934301],[96.08425271455151,-64.84894841982177],[96.08116112575162,-64.84972108502274],[96.0785000034292,-64.84998685135513],[96.06682416141031,-64.85130683274653],[96.0588259926817,-64.85159853379022],[96.05319447178614,-64.85168905191888],[96.05069622547511,-64.85252122244148],[96.04926469360727,-64.853412664156],[96.0467136042007,-64.85329740236544],[96.04226268788585,-64.85319253761712],[96.03989230410663,-64.85326690546441],[96.03742478232316,-64.85529726543176],[96.03449559607044,-64.85669893314076],[96.03079364067804,-64.85690557345114],[96.02501413132433,-64.85705868520313],[96.01981642987285,-64.85676728769113],[96.01653363794333,-64.85596227255233],[96.01252083401987,-64.85560208394851],[96.00896397614926,-64.85568129674364],[95.993310419591,-64.85833757846483],[95.97647002046122,-64.86112330402689],[95.96834426617652,-64.86248259786204],[95.96332355991875,-64.86344994997053],[95.9606814300459,-64.86465957806068],[95.95907446618051,-64.86573869663252],[95.95598254344166,-64.86676085089485],[95.9504940563628,-64.86678338772023],[95.93225811916933,-64.86729825622751],[95.92827615640219,-64.8683863732813],[95.92400527000106,-64.86985401229056],[95.92047569838992,-64.8713186600249],[95.91648720112804,-64.87215412257272],[95.91265079086523,-64.87317814787562],[95.90035098697182,-64.8739814081065],[95.89293312251552,-64.87407182953768],[95.88789566562286,-64.87446867759209],[95.88433941957797,-64.87473385001549],[95.87676670572614,-64.87450850602734],[95.87098207066398,-64.87465501754143],[95.86550499477998,-64.87536799431841],[95.86297034034837,-64.87474586348206],[95.86295595308233,-64.87398888150646],[95.86218650551984,-64.87254055134655],[95.85934835004115,-64.87154088939201],[95.85502915961283,-64.8706723513025],[95.8523539312814,-64.87042901894999],[95.84685758792227,-64.8700688482792],[95.83988124619124,-64.86990254842208],[95.83616549168183,-64.86953611924291],[95.83156083542298,-64.86923552276139],[95.82725632133703,-64.86912307127872],[95.82592333462418,-64.86925345981483],[95.82042982682763,-64.86901837464283],[95.81745625706273,-64.86864911450118],[95.8141764294146,-64.8677129744392],[95.81164388301802,-64.86708989647236],[95.81014665361802,-64.86627437471113],[95.80908710652538,-64.8650159273785],[95.8084546625383,-64.86268377415796],[95.80827781118914,-64.86098108177076],[95.8085543288016,-64.85978168208129],[95.82257590146831,-64.85589044017703],[95.82523273006474,-64.85518818471625],[95.82772564438665,-64.85360326738142],[95.82991617126672,-64.85170387529699],[95.8303538404721,-64.85147425981978],[95.83197264793749,-64.85062493062468],[95.8333000982019,-64.85024218549397],[95.83640409514413,-64.84972752199242],[95.83876906492924,-64.84934135654743],[95.84143156634107,-64.84901725521375],[95.84380786929599,-64.84926176307518],[95.84627890643354,-64.84971933246602],[95.85034900815235,-64.84927047016056],[95.85121603111087,-64.84904790178317],[95.85343012601038,-64.84853582495772],[95.85712756465765,-64.84808176388849],[95.86127788933618,-64.84806760915603],[95.86483650944392,-64.84811845043023],[95.86943029946194,-64.84803943217165],[95.87056742384415,-64.84791909168949],[95.87312858962773,-64.84764800849811],[95.87563238285793,-64.8468191513549],[95.87679099078628,-64.84542730683205],[95.87721180822935,-64.84429466809588],[95.87721339837945,-64.84429038595161],[95.87778396351858,-64.84315294320702],[95.87832619812053,-64.84262177643866],[95.87894722832172,-64.84201339475109],[95.88159220237239,-64.84086854767448],[95.88364047635376,-64.83953656414201],[95.883764877633,-64.83833764037013],[95.88328788474189,-64.83669934036145],[95.88208393495312,-64.83575750224882],[95.88087137498123,-64.83437414991484],[95.88086523504393,-64.83406260877435],[95.88085024005214,-64.8333019247008],[95.88261289226581,-64.83253869837712],[95.88616175116593,-64.83221054224211],[95.88808868818853,-64.83226664329453],[95.88973330270345,-64.83301758339094],[95.89108936073681,-64.83414801929787],[95.89228594085408,-64.83471133832099],[95.89436251173555,-64.83482987951865],[95.89732283291742,-64.83469281843449],[95.90057681656884,-64.83442844654908],[95.90412309994365,-64.8339736704572],[95.90811103254924,-64.8333909806499],[95.91121923568218,-64.83325305580104],[95.91463165313364,-64.83349235517053],[95.91774920189697,-64.83379578045549],[95.92071734229974,-64.83403663523873],[95.92605307088252,-64.8341420371784],[95.93138472320362,-64.83405801196254],[95.93597148901739,-64.83378751319852],[95.94025210245414,-64.83307654934222],[95.94365634740521,-64.83293668497403],[95.94751343971497,-64.83317335384774],[95.95107861014468,-64.83360034135237],[95.95493587934781,-64.83383679806823],[95.95834014606501,-64.83369656183949],[95.96129271022602,-64.83324273844308],[95.96454872363357,-64.83310296276717],[95.96603736677949,-64.83341209530133],[95.9684178020391,-64.83384360259467],[95.9705424096045,-64.83411212109469],[95.98419574859639,-64.8341974452004],[96.00084189724708,-64.83285498870602],[96.01726264727178,-64.83205147087617],[96.0283492337063,-64.83111707062717],[96.03456857037766,-64.83102480515602],[96.03664386783232,-64.83107807946452],[96.03827481733153,-64.83113343058669],[96.04124050186608,-64.83124548445791],[96.04375686198686,-64.83117039097856],[96.04612341844114,-64.83103289290632],[96.0493752901145,-64.83076492677831],[96.05217937478199,-64.83037289899788],[96.05512301381525,-64.82966474582804],[96.05791837587644,-64.82895725396253],[96.0633810972037,-64.82829965711318],[96.06692344086224,-64.82784060327353],[96.07105976421705,-64.82744157198954],[96.07297108489497,-64.82692740843687],[96.07604606582683,-64.82565045263678],[96.07971302854968,-64.82437044160808],[96.08294069734009,-64.82328179454804],[96.08677985395381,-64.82288379063144],[96.089280957709,-64.82230331098515],[96.09354432299888,-64.82120910307722],[96.09589164924996,-64.82044006840147],[96.10101367895705,-64.81833197466824],[96.10408428984601,-64.81699135422465],[96.10599592116678,-64.81653980679647],[96.1080683110016,-64.81652891072565],[96.11162097446369,-64.8165101578683],[96.11393007044452,-64.81609068859767],[96.11412452620146,-64.8160553616429],[96.11633749294744,-64.81579129167646],[96.12198847658901,-64.81664412192292],[96.12718072545478,-64.81699459771029],[96.12748560845613,-64.81697050199874],[96.13146414080144,-64.81665599066662],[96.13440951552056,-64.81613533472326],[96.1374989747662,-64.81548767452777],[96.14088238834537,-64.81477524941077],[96.14426175940814,-64.81393661236037],[96.14836739189144,-64.81265232868137],[96.15017529600688,-64.8117029233051],[96.15128087126969,-64.8111222932828],[96.15393306907276,-64.8107290009347],[96.15733686228366,-64.81070987093952],[96.16089060593798,-64.81075287986265],[96.16258037575335,-64.81102365844532],[96.16360186192333,-64.81096767274603],[96.16846393975325,-64.81152977610115],[96.1739337673718,-64.811309177856],[96.17762557725665,-64.81103557739941],[96.18354120710077,-64.81087508265475],[96.18796261468682,-64.81028157033866],[96.19222559125488,-64.8093734731042],[96.19619435377905,-64.80853005948983],[96.20045878646442,-64.80768476877465],[96.2031056680113,-64.80716438888311],[96.20576908673064,-64.80714844996433],[96.20736217797727,-64.80734694059508],[96.21517268297916,-64.8202879077276],[96.21763079262307,-64.82118632766823],[96.22324984648424,-64.8268490368811],[96.22262196779957,-64.82855563754714],[96.22062497701998,-64.8308387059006],[96.21949941096327,-64.83261181342309],[96.21923493403305,-64.83289680142356],[96.21849853534289,-64.83369027556036],[96.21471460520122,-64.8357318266505],[96.21252611085275,-64.83675435845898],[96.2081172200018,-64.83785328849473],[96.20118920288404,-64.83896709708598],[96.19543560649251,-64.83975820459811],[96.18590466098526,-64.84081592313228],[96.17682890872767,-64.84182241682835],[96.16217687689672,-64.84247391694228],[96.15612090282532,-64.84313888958555],[96.14991058605347,-64.8436152040317],[96.14592872241023,-64.84426814801279],[96.143392272308,-64.84493507610853]]]}},{"type":"Feature","properties":{"id":"C21B","name":"Iceberg C21B","latitude":-64.97744,"longitude":95.83212,"length":"12 NM","width":"8 NM","areaSqKm":258.97,"status":"Current","lastUpdate":"08/27/2026"},"geometry":{"type":"Polygon","coordinates":[[[95.94113412549055,-65.00645165635078],[95.93532545309856,-65.01668329371782],[95.93616993670726,-65.02313400199347],[95.93948146153606,-65.03564688027004],[95.93155994421727,-65.05757542417396],[95.93013618945862,-65.06110188998852],[95.92956544199852,-65.06251528146855],[95.92795569644036,-65.06370526011038],[95.92354806157614,-65.0652019733175],[95.91750612395299,-65.0668034336805],[95.91006943466218,-65.06880445591192],[95.90378786255198,-65.07020893143243],[95.89539580230458,-65.07132490297248],[95.8879180680204,-65.07145062673467],[95.88290484208049,-65.07074111539029],[95.88298582648584,-65.07028452878731],[95.88133399684091,-65.06950124208768],[95.87850393192187,-65.06822887937463],[95.87521451957487,-65.06735264519367],[95.87006537127948,-65.06697600085897],[95.8621308753443,-65.06759510170482],[95.85025592064257,-65.07000244463967],[95.84163853297733,-65.0717076964125],[95.83347330979113,-65.07262180881537],[95.82928497104976,-65.07372020529996],[95.82532482302237,-65.07452182641514],[95.8220554254901,-65.07472931840553],[95.81900949193209,-65.07434417098736],[95.80495501239176,-65.07270985874764],[95.7998156096433,-65.07292237721651],[95.7970056343893,-65.07263469094076],[95.79209353683198,-65.07245167650154],[95.78554523983185,-65.07227314152823],[95.78064106854653,-65.07258290887061],[95.77667027406567,-65.07279127086271],[95.77057892962172,-65.07192024026078],[95.76614662715862,-65.07252412567243],[95.76262844096146,-65.07174442050317],[95.76050704694092,-65.07056635343523],[95.75860642211694,-65.06849989668576],[95.75391906757305,-65.06762442176395],[95.7504091340627,-65.06733760226919],[95.74736669163622,-65.06704949764325],[95.74461758843785,-65.06711177449466],[95.74246029936806,-65.06716060453026],[95.7391828877356,-65.06677426871727],[95.73753733695735,-65.0660878829428],[95.73699903468336,-65.06461409889542],[95.73619962459469,-65.0643519659656],[95.73417619407553,-65.0627338988899],[95.73023621039009,-65.06196295768684],[95.70450815951067,-65.04140834004588],[95.69364944512498,-65.03156932462832],[95.69081592209992,-65.02881386820836],[95.6910397776264,-65.02802437437074],[95.69280636960009,-65.02693394642844],[95.6931242183085,-65.0267377416983],[95.69334797961803,-65.02594825106755],[95.69310034854458,-65.02476528030833],[95.69063447022813,-65.02433260530991],[95.68865829179194,-65.02398581270481],[95.68514616643901,-65.02290837448064],[95.6759134435766,-65.01109280923401],[95.67565671856993,-65.00902231700685],[95.6769301201564,-65.00756459425857],[95.67703755979235,-65.00744159389822],[95.6786468008483,-65.00546592424446],[95.67839443210342,-65.0037899412046],[95.67745076176712,-65.0028057045721],[95.67393997572916,-65.00153083347705],[95.67024771776522,-65.00004784733946],[95.66832108691555,-64.9992739120015],[95.66667778529944,-64.9981923872669],[95.66678173248224,-64.9968909906064],[95.66688260352049,-64.99562799849052],[95.66497535729538,-64.99168719903625],[95.66144026062452,-64.98794680969878],[95.66138373707602,-64.9879136324038],[95.65909607198988,-64.98657075988686],[95.66084721360077,-64.98041254654878],[95.66075149746973,-64.9790738841227],[95.66191315887451,-64.9703268218732],[95.66118390619611,-64.96966054192659],[95.66124058138745,-64.96940887375945],[95.65956903996768,-64.96546793424723],[95.65720832349044,-64.96231716087216],[95.65711269178723,-64.96227432599315],[95.65370136344299,-64.96074615926791],[95.65368900109625,-64.95956296795923],[95.65436739072479,-64.95768828058335],[95.65551094670784,-64.9558127248759],[95.65642379044989,-64.95413480753236],[95.65570724415859,-64.95236138883536],[95.66079697468716,-64.9497881190992],[95.66677036535812,-64.94307191537547],[95.67014953349721,-64.9333044701882],[95.67101984716066,-64.9279788407675],[95.67070952609426,-64.9209797017875],[95.67087410119726,-64.92064396449386],[95.67593165306417,-64.91032195203992],[95.6827750395867,-64.89975960599607],[95.68317041107174,-64.893844091559],[95.68359626435242,-64.89213908461464],[95.68361382369206,-64.89206878038367],[95.68615568187596,-64.8911762253087],[95.69125299019213,-64.89057385652501],[95.69659646444167,-64.89115366656578],[95.70123924602673,-64.89134052831292],[95.70657443558015,-64.89122992927865],[95.71236728509568,-64.89062517897625],[95.71654606034815,-64.89081258686842],[95.72025957184444,-64.8909023951429],[95.72373978467921,-64.89089408558748],[95.73046149858361,-64.89038490105119],[95.73347086578153,-64.88988461250844],[95.73741493584295,-64.88987480147811],[95.75088394028072,-64.89072761487519],[95.75645655251003,-64.89100872976299],[95.7599353104124,-64.89090091299347],[95.76411744556675,-64.8912839933176],[95.76737906982356,-64.89216234064824],[95.77038757662797,-64.8932755246272],[95.79934222983829,-64.89445094672325],[95.80269730205836,-64.89511742734858],[95.8067033105864,-64.8955524159493],[95.80711454047658,-64.8955970607286],[95.81153195104578,-64.89607655130884],[95.8166491062526,-64.89675089650645],[95.81968468219792,-64.89782586267108],[95.82413195141731,-64.89998071998366],[95.8320617846273,-64.90212434357628],[95.83882521126097,-64.9038769909151],[95.84719836069353,-64.9047367417096],[95.85440766763067,-64.90540273564375],[95.86440134685525,-64.90596020950021],[95.87254204137143,-64.9067206150434],[95.88090956475952,-64.90718397373844],[95.8864775787689,-64.90696684631891],[95.89228762754735,-64.90724152750217],[95.89781196624345,-64.90936591722627],[95.89817522191188,-64.9095055868179],[95.90422405853485,-64.91183096536017],[95.9068009447034,-64.91290576433542],[95.91335507948247,-64.91534567490456],[95.91734093526716,-64.91710504258897],[95.92645662134693,-64.91973170188265],[95.93181637956104,-64.92049941199772],[95.93692023197755,-64.92018344053879],[95.94177629144242,-64.91917814242352],[95.9482533783664,-64.91796891964489],[95.95429002836038,-64.91784567801923],[95.9589511696812,-64.91851658424105],[95.96665972729485,-64.92035765763855],[95.97459243897853,-64.92180299007458],[95.9832183086412,-64.92304769166113],[95.99206778104788,-64.92389650263551],[95.99905924445993,-64.92475299594265],[96.00605857592245,-64.92590487599341],[96.01167439424006,-64.92745704982858],[96.01705355466245,-64.92881289516953],[96.01867760810204,-64.92870686995843],[96.02400175826219,-64.92789361841454],[96.02677987565407,-64.92748637583402],[96.02912636895297,-64.92836281361282],[96.02954966512944,-64.92842791795535],[96.03150360415967,-64.92804744316012],[96.03421117369827,-64.92856436949829],[96.03632956472725,-64.92832906329983],[96.04025632606171,-64.92742315223877],[96.04418279472056,-64.92651713007464],[96.0476416749608,-64.92551464528955],[96.0495161448044,-64.92609720531124],[96.0511742044565,-64.92727235080328],[96.05213048902664,-64.92812578071171],[96.05260271078656,-64.92854718639079],[96.0558983408538,-64.93010874538243],[96.0587242646964,-64.93147533430734],[96.06271252370406,-64.93283617468815],[96.06599857826104,-64.93400317560977],[96.06973077843942,-64.93447770866254],[96.07323070114835,-64.93495329783649],[96.07812807390455,-64.93552038744825],[96.0818524448822,-64.93569883514988],[96.08443137832961,-64.93647458035588],[96.08702998782297,-64.93794037183437],[96.08848893540014,-64.9402007340696],[96.08716754657823,-64.943267905987],[96.0505390226008,-64.96240729863234],[96.0399791733749,-64.9754391671347],[95.97575334699026,-64.98391917192107],[95.97746600268877,-64.99084441269925],[95.94113412549055,-65.00645165635078]]]}},{"type":"Feature","properties":{"id":"D15A","name":"Iceberg D15A","latitude":-66.63053,"longitude":81.92086,"length":"51 NM","width":"22.6 NM","areaSqKm":3037.47,"status":"Current","lastUpdate":"08/27/2026"},"geometry":{"type":"Polygon","coordinates":[[[82.10081183279812,-67.0273847201778],[82.09326559407845,-67.02737869962249],[82.08961936765515,-67.02596022283774],[82.08614056882621,-67.0251254584267],[82.08470087250568,-67.02309518868512],[82.0831637308301,-67.0212286640719],[82.08182225804663,-67.01903464971987],[82.07461630852038,-67.0163058848964],[82.06958960935253,-67.01584733806227],[82.06692317106972,-67.01439543822666],[82.06166163038388,-67.01063465394301],[82.05958325951417,-67.00820030911026],[82.05689101292407,-67.00605513902062],[82.05355770767163,-67.00350598017383],[82.04867585205771,-67.00133307273406],[82.04295789435514,-66.99908343519058],[82.03643086269454,-66.99745007815528],[82.03563845713694,-66.99582353852287],[82.03575423796883,-66.9934168344322],[82.0302620353386,-66.99153246512792],[82.02479135668075,-66.9906395339498],[82.01912493482492,-66.98862230732341],[82.0084424594492,-66.98441238866221],[81.9968420348584,-66.97875313028152],[81.99129845268715,-66.9762166959332],[81.98377497464702,-66.97525243901768],[81.97213001632484,-66.97242608842753],[81.97192158183523,-66.97237548497397],[81.97225970747357,-66.96950618421361],[81.97228202483207,-66.96931677712432],[81.97051343063315,-66.96418454333373],[81.96811891019108,-66.96249448644323],[81.96592791369616,-66.95833609074607],[81.9622927417422,-66.95558313820072],[81.95300807296543,-66.9548990731542],[81.95129268649877,-66.95466804867623],[81.94907362936878,-66.95407211150774],[81.94064216823024,-66.95165691589166],[81.93651272853798,-66.94919452921276],[81.9353798415191,-66.94633479994687],[81.92905389236002,-66.9440328968847],[81.9173210465866,-66.94087725645608],[81.8966653696317,-66.9347159007052],[81.88984143351048,-66.93182515432707],[81.88420615707433,-66.92759968844467],[81.88019469734074,-66.92651843558795],[81.87882278992856,-66.9252281482975],[81.87407363915837,-66.92288646524813],[81.86640815683525,-66.92027316485418],[81.85904110920266,-66.91716888065123],[81.85288993384245,-66.91642310136785],[81.85023544521452,-66.91699860862342],[81.84015133792575,-66.91511173051951],[81.83355003588866,-66.9136294019671],[81.82433620625595,-66.90948405648079],[81.81213346990793,-66.90573291351137],[81.80792441743152,-66.90472023117836],[81.80704945903237,-66.90419590722736],[81.79271854028758,-66.90026257490982],[81.78576551536167,-66.8965008945839],[81.78023729040116,-66.89546417336342],[81.77314452219457,-66.89410759245916],[81.76387279988583,-66.89271876563232],[81.75391392262274,-66.88830517380948],[81.7534816856938,-66.88811356017905],[81.75314266432687,-66.88778520260958],[81.7493328938081,-66.88409456652174],[81.7478794645446,-66.87998337750703],[81.7434696835896,-66.87784037417157],[81.73731570626889,-66.87639696050753],[81.73509928936654,-66.8755977632882],[81.7323984550161,-66.87388056172014],[81.73038289886787,-66.87170266854258],[81.72830173092684,-66.86945342460345],[81.72866888074242,-66.86889193400644],[81.73305126296134,-66.86752770350968],[81.73517667451108,-66.86548153743998],[81.73411198939321,-66.8643443873294],[81.73170144306762,-66.86325316807918],[81.72781148268422,-66.86098555936667],[81.72764362680547,-66.85837765942654],[81.72853975282271,-66.85690694761635],[81.72714300720362,-66.85487437945945],[81.72410241584365,-66.85337789805186],[81.72114496220549,-66.8510251467099],[81.71963283932224,-66.8484631469132],[81.71938324545846,-66.8467115490192],[81.71665978279539,-66.8454175495053],[81.70917150200951,-66.84401888657351],[81.69814169686416,-66.8425855543929],[81.69569103333858,-66.84159759559799],[81.68911801095727,-66.83423115429453],[81.67737690946602,-66.82153553685025],[81.67131520767812,-66.81654024246879],[81.67081502940891,-66.81612795134579],[81.67161172484732,-66.81197456081196],[81.67404386609421,-66.81022289224246],[81.67449495256226,-66.80989797975006],[81.67330276226902,-66.8073118916662],[81.6639638868435,-66.80174740622846],[81.65224693530128,-66.7949282307448],[81.63685493019916,-66.79237788838154],[81.63325229014221,-66.78952999825569],[81.63411856586157,-66.78885386371331],[81.63103680509988,-66.78458513273888],[81.6170988270868,-66.7794536369245],[81.59941858512305,-66.77257991340701],[81.57928107748155,-66.76615932930952],[81.57294288443198,-66.7636508227476],[81.5567875596112,-66.76002758896962],[81.55066596980052,-66.75788428791968],[81.54505915075443,-66.75561719853266],[81.53748837924536,-66.75298818790834],[81.52548732265122,-66.75045114783909],[81.51420381642123,-66.74746329711539],[81.50902643505835,-66.74592723924874],[81.50126168181713,-66.74362281936932],[81.49506877454151,-66.74302562334962],[81.48494962003244,-66.74170335126257],[81.48174803831981,-66.74122133247246],[81.47582182055108,-66.73736354260373],[81.46823806209169,-66.73265343322429],[81.46437906424278,-66.72899475533256],[81.45888021549065,-66.72586887404402],[81.45074145920674,-66.72020350194245],[81.44890006079521,-66.71776859878138],[81.43932692390644,-66.71497199674512],[81.4391649459922,-66.7116116582178],[81.44119128460997,-66.71066710603289],[81.44374042268223,-66.70866629357799],[81.44175607710766,-66.70622586636107],[81.4429345334769,-66.70149840332448],[81.44567596504993,-66.69847889945773],[81.44985410049372,-66.69525295772009],[81.45065243522035,-66.69325547234038],[81.44848383839155,-66.69252642246246],[81.44393702212955,-66.69070202778354],[81.43887825830593,-66.68900064644194],[81.4381313241247,-66.6866802521519],[81.43900688484928,-66.68244248138186],[81.43763061347154,-66.67902354483981],[81.4325828558509,-66.67801442892758],[81.42671248795598,-66.6769251284446],[81.42535382657759,-66.67489095970397],[81.42779164354953,-66.6723613677615],[81.4302289145656,-66.6698317586069],[81.4313228017229,-66.66665286631927],[81.43036779020682,-66.6639664228702],[81.42686016869315,-66.66258784667657],[81.42509028832029,-66.66142968135316],[81.42564232982166,-66.66045180382523],[81.4277972204788,-66.65663388172003],[81.424635023017,-66.64805193229769],[81.41424571733187,-66.64184588294327],[81.39819198903558,-66.63950513918202],[81.39261845626476,-66.63553906094913],[81.38426222597977,-66.633368491789],[81.37292042511491,-66.625983052166],[81.36852900393777,-66.6226452399676],[81.36953905179388,-66.61475726325799],[81.36963175789293,-66.61403299882352],[81.37341379962693,-66.60389964481902],[81.38071264767864,-66.58809660675611],[81.3866573910193,-66.58117445403249],[81.38940483140938,-66.57797384216448],[81.38321098800864,-66.57760890338321],[81.37993968675775,-66.57610986573063],[81.37900560584325,-66.57568178691697],[81.3855033134668,-66.56766922972213],[81.3949262416344,-66.56122838045971],[81.39861627701931,-66.55696835362464],[81.40271129623812,-66.55161292623447],[81.40268428987258,-66.54667235729605],[81.40268069662979,-66.54601474579944],[81.40230582092734,-66.54369771257898],[81.4020408428127,-66.54205966534548],[81.42441458360784,-66.52959209440971],[81.43564003783924,-66.52333057050977],[81.42412611744214,-66.52601159761112],[81.40470384296046,-66.53298285345906],[81.39132389593946,-66.53499231017723],[81.3744546903101,-66.54071211297246],[81.36539420861124,-66.54241512141228],[81.36020363614733,-66.54126846069951],[81.3547350160099,-66.53898573871035],[81.35026083750618,-66.53592217549983],[81.33957789741785,-66.53444897117559],[81.3298304517091,-66.53610893296883],[81.32224473238018,-66.53761703674235],[81.31726250573317,-66.53592130553898],[81.31497061759558,-66.53555714786917],[81.31483279046782,-66.53524774829314],[81.31308803600807,-66.5338653022419],[81.30562554222692,-66.53261038335174],[81.30490126487786,-66.53098264018116],[81.30455772594657,-66.524550815783],[81.30587245225672,-66.52243272549089],[81.31117510753326,-66.5215728152223],[81.31146571762625,-66.51900788622167],[81.32557904255309,-66.5081245618359],[81.35193768728834,-66.48721208165732],[81.36087384579315,-66.48325235406358],[81.35198947028283,-66.48082154858778],[81.33199522262173,-66.47785303145307],[81.31903790769638,-66.47306376756761],[81.30940977169823,-66.46885159621903],[81.29629213622434,-66.46275101632007],[81.28071786367025,-66.45762093753461],[81.27552853332969,-66.45565021420549],[81.2766030702999,-66.45048523285296],[81.27605907214225,-66.45017816106805],[81.27443307218694,-66.44919020529349],[81.27430460207597,-66.44772671187958],[81.2702125501581,-66.44247953110504],[81.25726843329628,-66.43548789182056],[81.24871235619443,-66.43117890580506],[81.24681804152823,-66.42926141946542],[81.24340899193089,-66.42580982451905],[81.24461822713002,-66.42247223827016],[81.25090603677727,-66.41860295999669],[81.25323061579391,-66.41724901931262],[81.26104449327545,-66.41269645261222],[81.26336340903224,-66.40825946407521],[81.26268175575689,-66.40600545317666],[81.2622315343999,-66.40451647954815],[81.2628342651765,-66.40284772753385],[81.26840193654608,-66.39873424854163],[81.2719425994939,-66.39580206967635],[81.282579909214,-66.39080850202284],[81.28033547870437,-66.38760706324271],[81.28098219426701,-66.38483685265511],[81.28092503732103,-66.3847685156324],[81.28071060753733,-66.38232733007285],[81.28323062203788,-66.37894823438894],[81.28348590661986,-66.37853524069281],[81.28463961894836,-66.37666858776834],[81.28321062350567,-66.3747980541692],[81.28201970713556,-66.37282709726912],[81.2806552349821,-66.37056850291509],[81.28327859668349,-66.3673901666027],[81.28408268421845,-66.36641579212005],[81.2883306700986,-66.36441876518938],[81.2923732797704,-66.36205562405613],[81.29337834690942,-66.36042733687748],[81.29143638585568,-66.35729617599341],[81.29114903028679,-66.35690790845764],[81.28908944206921,-66.35412467000681],[81.28999390448129,-66.35265927351931],[81.29373292130973,-66.35078465176537],[81.29622940599022,-66.34920175560404],[81.29673164557434,-66.34785409107974],[81.29471509727422,-66.34492355900002],[81.29520658145772,-66.3415195534559],[81.29585037654023,-66.33874902795623],[81.29337970475224,-66.33703974199416],[81.29128928387624,-66.33535328687348],[81.29159679144907,-66.3340306910757],[81.29101010702492,-66.33357793201301],[81.29058720579212,-66.3300796521885],[81.2904797298718,-66.32885929961196],[81.29330802197231,-66.32775853506749],[81.29744400612131,-66.32523274741123],[81.29760687057201,-66.32505529796434],[81.30005944006531,-66.32238278628012],[81.29912637341755,-66.318315607341],[81.29810469138071,-66.3164859259084],[81.29595412224666,-66.3116063009288],[81.29013291366736,-66.30988666110758],[81.28977522512122,-66.30978098082713],[81.29228957811253,-66.30709411330342],[81.29804060665549,-66.3047298303589],[81.30298510929403,-66.30297624061907],[81.30985596691893,-66.30227825850459],[81.32107303599358,-66.30149412185297],[81.32323264084988,-66.3009247456318],[81.32508189094081,-66.2997757934202],[81.32892489472499,-66.29672971569154],[81.33544559131191,-66.29587256892736],[81.34369282655615,-66.29558665564447],[81.35089929361035,-66.29601810531167],[81.35153070703873,-66.29636098307546],[81.35358374187106,-66.29608709727044],[81.3563107421711,-66.29583954051408],[81.36177025233708,-66.29603576960382],[81.3635910635326,-66.29621638212005],[81.36691325982635,-66.2946458309053],[81.3703316946972,-66.29256662229128],[81.37455255005865,-66.28987607036454],[81.38824935369989,-66.28501556752948],[81.39116052259959,-66.28305871849584],[81.39356733943293,-66.2812246315787],[81.39476727254447,-66.27996184789117],[81.3980883821202,-66.2787363862242],[81.40343791096252,-66.27840240617509],[81.40848929611995,-66.27855681251064],[81.41505183322248,-66.27834240069568],[81.41864726366857,-66.27455353347695],[81.41943375378382,-66.27255916030606],[81.42405703279418,-66.27059873314667],[81.43060169682553,-66.2690007511247],[81.43816802911998,-66.26853941068765],[81.4530364838843,-66.27086990024429],[81.46413448427029,-66.27023747218684],[81.4753579176195,-66.2715155611852],[81.4820166155947,-66.27113516217752],[81.48845868874722,-66.26969742330733],[81.49229556648571,-66.26972951945659],[81.49684257408019,-66.27000393452246],[81.50403329395748,-66.27157362063723],[81.5087880709306,-66.27221323624514],[81.51273415567958,-66.2727732845807],[81.51696574168129,-66.27215298974905],[81.52191800087826,-66.27246629944648],[81.52596292506065,-66.27286304185867],[81.52950502596839,-66.2733829555611],[81.53118129532375,-66.27371530929467],[81.53294884948579,-66.27406573028202],[81.53415161853302,-66.2734932391284],[81.5411702503872,-66.2703839998597],[81.54878801827105,-66.26698814791227],[81.55019789706391,-66.26678104362573],[81.55707348243291,-66.26745405831461],[81.56111813555533,-66.26784979597873],[81.56817882457976,-66.26750493502423],[81.56697772984595,-66.26480572074834],[81.56544969759796,-66.26137088825091],[81.56867780311332,-66.26111486225173],[81.57129522982784,-66.26090721111318],[81.57857407605272,-66.26161870969288],[81.58884289725529,-66.26020613830126],[81.59378095271387,-66.25982553665362],[81.59839961499607,-66.25855093049769],[81.59886358955315,-66.25635324570351],[81.59912763085076,-66.2557750321072],[81.60022114272766,-66.25338012834322],[81.60241255927194,-66.25186867204965],[81.61036097117936,-66.25074627792567],[81.6196190851307,-66.24957865432971],[81.62444315559024,-66.24866862932588],[81.64046042552829,-66.24764067260976],[81.6660372868611,-66.2456425928268],[81.67342654481776,-66.24687752881387],[81.67949114494485,-66.24746608322022],[81.69404744399853,-66.2488775616111],[81.73343387871701,-66.24665327761707],[81.76464560215278,-66.2444930451592],[81.78899918093245,-66.23873616702168],[81.8006882977781,-66.23848159234831],[81.811105914074,-66.23965525882394],[81.81832774914803,-66.2419001895881],[81.8211977804993,-66.2435546426862],[81.82849841057178,-66.24494462783281],[81.8341024918235,-66.2434137821881],[81.84317414013589,-66.24324922673246],[81.85193717822524,-66.24288220981063],[81.85910235049606,-66.24305111572822],[81.85821778009411,-66.24382815444658],[81.84966036409281,-66.24607899445402],[81.85404950875109,-66.24620312011098],[81.86492498705654,-66.24603652648916],[81.86850874751327,-66.24613394136105],[81.87574353789756,-66.24309172144496],[81.8878598786828,-66.2435599593244],[81.90292669003483,-66.24482547540208],[81.91513337854073,-66.24805668488999],[81.91741511366078,-66.24999705614685],[81.92131644279138,-66.25209157246191],[81.92847994200696,-66.2551855388227],[81.93075633795203,-66.25619707743472],[81.93390728941006,-66.25759703082946],[81.93912180368845,-66.25964341463431],[81.94307606435586,-66.26019148475095],[81.95127142211506,-66.26079762369909],[81.95517123556311,-66.2609779617838],[81.95834749676429,-66.26112475880771],[81.9653521860078,-66.26230612846851],[81.97030853891265,-66.26553246697212],[81.97202531359778,-66.27138024395322],[81.97197155469127,-66.27282969508624],[81.97543718234401,-66.2765092377903],[81.9783596552854,-66.28040957586742],[81.97957584548885,-66.28158404977408],[81.97913465181946,-66.28411296833193],[81.98254654345969,-66.28633093157208],[81.98779630961027,-66.28906715084915],[81.98861003829435,-66.29207279779214],[81.99149851840177,-66.29372409500697],[81.99691680139847,-66.29544207922116],[82.00467510856349,-66.29755302028869],[82.01183873724422,-66.29995184023379],[82.02078619847353,-66.30265902143812],[82.02093802123242,-66.30270494688405],[82.02840814477534,-66.30237546518926],[82.03375369769856,-66.30201777585228],[82.04034273930212,-66.30246595174194],[82.04948870832258,-66.3036710631963],[82.05644264971906,-66.3057028786738],[82.06024455397716,-66.30726586227998],[82.06622562858797,-66.31023901646456],[82.07165335967393,-66.31195425285742],[82.07984326156597,-66.31186163449595],[82.09665673779645,-66.31240448438926],[82.10431801363735,-66.31174430982972],[82.10874749721931,-66.31370879669979],[82.10835912208054,-66.31659996134607],[82.10740429609562,-66.31852959150862],[82.10583408027394,-66.32170218264467],[82.09889300816403,-66.32776900122421],[82.08671847492026,-66.33472367591068],[82.08121821563218,-66.33903102824539],[82.07581078149204,-66.3431748808861],[82.07468568512006,-66.34806464483066],[82.0800956890769,-66.34908824298557],[82.08882791583217,-66.34956138064369],[82.09227834509767,-66.3500853244622],[82.09474050664548,-66.35045913655046],[82.09745440435313,-66.35243536570377],[82.09847924747052,-66.35512744688778],[82.09949431730804,-66.35779324874231],[82.09949989582005,-66.36296098015129],[82.09847369166815,-66.36768788807304],[82.09899231015932,-66.37049229436039],[82.10240684053913,-66.37718444634856],[82.10757607612507,-66.38455702029272],[82.1105593756378,-66.39051963963021],[82.11744081134074,-66.39495084765794],[82.12796583454711,-66.39903192487944],[82.14178648926708,-66.40410744890582],[82.15398140303499,-66.40903014175646],[82.16122521342216,-66.41211405837022],[82.16984558459777,-66.41876966454528],[82.17749926587634,-66.42412929615698],[82.18220655380749,-66.4271487586958],[82.21729888072194,-66.4476149229844],[82.23412686545514,-66.45502172316093],[82.24067222923455,-66.45786323229846],[82.2450181354944,-66.46153510832295],[82.24263132008994,-66.46493168041275],[82.23747166826831,-66.46566214857178],[82.23363520381956,-66.46858087327885],[82.23763486029902,-66.4713600895234],[82.23965117985698,-66.4730955701934],[82.23458588749351,-66.47590140258492],[82.22539542481353,-66.47987729411929],[82.22098783039802,-66.48153798077038],[82.22237544018361,-66.48734940169824],[82.23050273595523,-66.48895883384006],[82.23208890555458,-66.48914997875207],[82.23524125830741,-66.4905770742979],[82.2359101105395,-66.49182495857566],[82.23646132986796,-66.49285328149837],[82.23510592193371,-66.49368804972686],[82.22578094048308,-66.49489673813265],[82.22055122000141,-66.49648208590729],[82.21702258469509,-66.49960194004542],[82.22058419853974,-66.50165231508967],[82.23392281433182,-66.5099412682937],[82.23789749120374,-66.51202897084768],[82.24146291598105,-66.51407891693296],[82.24698473504502,-66.51648060529638],[82.24891137568983,-66.51837979801695],[82.24825410828143,-66.52176412777561],[82.25333943207659,-66.52567543335358],[82.26714189677328,-66.52801489627088],[82.27835579902447,-66.53116672430924],[82.29090023545655,-66.53383472280176],[82.30760526345931,-66.53789090728395],[82.32747573903872,-66.54127418836266],[82.33852279664205,-66.54469555581369],[82.34716516127618,-66.55033235069413],[82.34708800582557,-66.55072740553602],[82.34593591193433,-66.55662480627068],[82.3524112928085,-66.56248271270104],[82.36269764972981,-66.56954228603838],[82.37193054888631,-66.57470614794127],[82.39470233778816,-66.58090547662154],[82.41314610404676,-66.58236097428335],[82.42335947518298,-66.58348940545356],[82.42735004210124,-66.58393007910524],[82.44295391766825,-66.59025302604265],[82.44786031174452,-66.59846678508343],[82.44689553423213,-66.59991788390204],[82.4397739719593,-66.60633462527139],[82.43165877062374,-66.6152444390404],[82.42890974796298,-66.61930090343657],[82.42917729139478,-66.62414577151308],[82.43573240633052,-66.62641507060997],[82.4338650434636,-66.62876428034279],[82.43485464710433,-66.62957946952629],[82.44014379426076,-66.63140910396933],[82.44311533599665,-66.63794921429528],[82.44728584890439,-66.64081167463104],[82.45246624935615,-66.64419312259213],[82.45408532187207,-66.64645721092101],[82.45377364479971,-66.64862240806282],[82.45267561542452,-66.65030939076905],[82.45239864005906,-66.65073489473652],[82.45141820346622,-66.6522409427232],[82.45042056558601,-66.65530587121384],[82.44938535370048,-66.65607129234337],[82.44628176435987,-66.65836569766051],[82.44130575990049,-66.662784854309],[82.44104621612227,-66.6633836137406],[82.44429582169286,-66.6652790764913],[82.45167629274752,-66.6668027530694],[82.45676602130783,-66.66777608924258],[82.4624265931725,-66.67155522928356],[82.4705037885602,-66.67262363736373],[82.4788481113153,-66.67474845609772],[82.48826135326698,-66.68110024479205],[82.49079641562507,-66.6858032783012],[82.48934329014078,-66.68911670615911],[82.48688893860692,-66.69113546029823],[82.48510360670043,-66.69213265322783],[82.48051120566984,-66.69469724099376],[82.47634711096951,-66.6974239448872],[82.47498446719088,-66.70138176461732],[82.47376071509045,-66.7019953217891],[82.46986587753403,-66.70428991264012],[82.46716987732937,-66.70773638019271],[82.46216276167867,-66.71464904988508],[82.45582781296298,-66.71837737270266],[82.45485123316001,-66.71864951300945],[82.45834230130468,-66.72284747513648],[82.46269546004147,-66.72513137827261],[82.48444769480992,-66.73430819992649],[82.51987982622086,-66.74091059291761],[82.52875148987052,-66.74445471222751],[82.53577075976938,-66.74972739732506],[82.53722368972801,-66.75329997826697],[82.52890726853019,-66.75566020067541],[82.52765791455535,-66.7558497617006],[82.51888847833081,-66.7571799418416],[82.51610794550015,-66.75899888429291],[82.51233975812715,-66.76331290013187],[82.5126112267507,-66.7653501433808],[82.5109410757566,-66.76590345144106],[82.50606336560857,-66.76877356223255],[82.50487874036787,-66.77120714251629],[82.50475947380949,-66.77400635395455],[82.50292703750999,-66.7784332580024],[82.49803537459358,-66.78254953979561],[82.49058207137443,-66.78482157510658],[82.4812230668484,-66.7880876887676],[82.47887807869492,-66.78974784540254],[82.46499039426678,-66.80521817547692],[82.48514967159151,-66.82740506018983],[82.48159969518998,-66.86208858671245],[82.48165690214553,-66.9046069538315],[82.50082880635975,-66.93956531272181],[82.5007798119807,-66.93977355952838],[82.50527487400049,-66.94270852445696],[82.50805587860296,-66.95002143540222],[82.51658065417413,-66.95559524061576],[82.51806917001792,-66.95956841030522],[82.52160785728883,-66.96457996475482],[82.52505678645706,-66.96865127553556],[82.52561371821525,-66.97304564129661],[82.5223427521017,-66.9781842018842],[82.51651741141875,-66.98381876589421],[82.5028465404813,-66.98905997020064],[82.48974139352677,-66.99620040008323],[82.48200319927969,-67.00033468363105],[82.46698536831559,-67.00597397062332],[82.45770783469943,-67.01112187705687],[82.45455496362325,-67.01704658675776],[82.45062805826498,-67.02168437889766],[82.44088321654851,-67.02821248777059],[82.43249184538996,-67.0318445954113],[82.42118025483968,-67.0370447518955],[82.41753848183109,-67.03784876902122],[82.38796634421672,-67.05113597802615],[82.3178885779735,-67.0621738553502],[82.29403812409737,-67.07037266417119],[82.29026797757321,-67.07013082425685],[82.28470808926731,-67.06980588490826],[82.24383158665636,-67.07459698119922],[82.23261612823785,-67.07635087809147],[82.22760544368491,-67.07659091468737],[82.20675685909515,-67.06694887926832],[82.20478740644523,-67.06280197090275],[82.20113775274318,-67.06074722402522],[82.19806931033946,-67.05995286609075],[82.19383842865054,-67.05888100312958],[82.18621757751029,-67.05681270788241],[82.1807283987907,-67.05562679949347],[82.17407763090749,-67.05416309540949],[82.16846165152322,-67.05244734645392],[82.16265203347798,-67.05105902153241],[82.15913601757563,-67.04953270900364],[82.15423387162939,-67.04736298229116],[82.152239312262,-67.04476584532217],[82.14888937716292,-67.04221852213098],[82.14476154278299,-67.04098151097472],[82.13666438286839,-67.03972974502699],[82.12378925575057,-67.03907962570592],[82.12108714199488,-67.03693540952841],[82.11961417117755,-67.03421222058344],[82.12026722285013,-67.0323726146556],[82.11985739097491,-67.03009124229165],[82.11038139262051,-67.02819443942064],[82.10230338952945,-67.02797308720562],[82.10081183279812,-67.0273847201778]]]}},{"type":"Feature","properties":{"id":"D23","name":"Iceberg D23","latitude":-69.43527,"longitude":74.71225,"length":"7 NM","width":"6 NM","areaSqKm":105.6,"status":"Current","lastUpdate":"08/27/2026"},"geometry":{"type":"Polygon","coordinates":[[[74.87417301596,-69.43648091639561],[74.88039841481299,-69.43921330749002],[74.88064493399206,-69.43953147301477],[74.88285178160245,-69.44100753266981],[74.88355539708941,-69.44159732821949],[74.88399274593712,-69.4419639110902],[74.88414242555702,-69.44283734503706],[74.88241313483081,-69.4437008361709],[74.87994357148037,-69.44437210284167],[74.87600880808645,-69.44489804945533],[74.87441197013719,-69.44563665239778],[74.87315616718817,-69.44694190381091],[74.86707331279918,-69.44777845999599],[74.86698663372707,-69.44779037891313],[74.8630057892906,-69.44759851731128],[74.86173277573913,-69.44714632218505],[74.86119951579292,-69.4465068651364],[74.86143563702903,-69.44577894066174],[74.86082871284648,-69.44546184891333],[74.85878655967493,-69.44509809782994],[74.85644865642367,-69.44488512368203],[74.85474703593096,-69.44470847008489],[74.85417027633193,-69.44524923143653],[74.85381533419589,-69.4455820066283],[74.8563755768673,-69.44634612673535],[74.85764893762307,-69.44755746121054],[74.85864128473291,-69.44877921405129],[74.85837617236973,-69.45054701390112],[74.8584604098712,-69.45100635543496],[74.85855447861884,-69.4515192793322],[74.85868870653958,-69.45291270086548],[74.85754960594956,-69.4538538918377],[74.85528495437731,-69.45407763953534],[74.85315342256996,-69.45417656206017],[74.85202828198341,-69.45383865972774],[74.85119335531814,-69.45372872767699],[74.84931890358759,-69.4544307636227],[74.8479428901935,-69.45424956430912],[74.84696581677265,-69.45364645440114],[74.84456779581967,-69.45209706206283],[74.84388694535707,-69.45134315408106],[74.84101575211892,-69.45049043260995],[74.83111615240477,-69.44799947197252],[74.82297779317769,-69.44740070724201],[74.82004729016882,-69.44786824234417],[74.82077157317255,-69.44858065289725],[74.82339032633767,-69.44916332976129],[74.82609776670078,-69.45004233727404],[74.82694040960213,-69.4511498893013],[74.82671725030787,-69.45249650474942],[74.82810851638793,-69.45258503508695],[74.83248965713265,-69.45278297864962],[74.83648608727762,-69.45283520481848],[74.84002365002249,-69.45306410189936],[74.8420366445926,-69.45370886310324],[74.84282109576941,-69.45499832539977],[74.84376849924207,-69.45588223355485],[74.84265326874957,-69.45692667630502],[74.84256930094038,-69.45700530808848],[74.84098504613547,-69.45798278663175],[74.84068878863661,-69.45889269017961],[74.83897099960498,-69.45999493975143],[74.83489913187702,-69.45988557457123],[74.83476706242435,-69.4598784979704],[74.83004264989435,-69.45962525775329],[74.82346954988854,-69.45856906829965],[74.82050837739033,-69.45855827043053],[74.8204920804849,-69.45983734322141],[74.82194242365024,-69.46050308263531],[74.8243703313078,-69.46101294481373],[74.8290785207368,-69.46191816020023],[74.83102474950533,-69.46242409834777],[74.82573563776134,-69.47024199320842],[74.82436035019806,-69.4712613594755],[74.8141916122602,-69.47495161857755],[74.81036640002301,-69.476250814778],[74.80556373058937,-69.47694652506415],[74.80196190767023,-69.4772784241107],[74.79770765029215,-69.47771405658519],[74.79573459189628,-69.47854545275315],[74.79441376016928,-69.47927302988096],[74.79251631859363,-69.47940243826346],[74.78935961623428,-69.47931821664837],[74.78880843522236,-69.48033719666327],[74.79040611797339,-69.48149729209895],[74.7903736993265,-69.48253725243899],[74.79094623669975,-69.48465379052965],[74.7897413463495,-69.48615616851171],[74.78879072558775,-69.48679024139972],[74.78730699821851,-69.48716412941396],[74.78401415093649,-69.48758414972079],[74.78100173171414,-69.48837340879095],[74.77948718791698,-69.48902801371385],[74.7746944011845,-69.48996204773344],[74.7717957495341,-69.49190559234646],[74.769300354176,-69.49257647082351],[74.76646607236194,-69.49333835887056],[74.76474425957879,-69.4936807363822],[74.75947529978781,-69.49455170565516],[74.75650555292451,-69.49529895275403],[74.75518387806231,-69.49564664464287],[74.75423510941891,-69.49552132460438],[74.75053306244524,-69.49417763430179],[74.74092636297546,-69.4932878528012],[74.72631665042316,-69.49339758999554],[74.72359995983365,-69.49254078099622],[74.72035108247935,-69.49151597595625],[74.71441809793446,-69.48935338001615],[74.70539479923839,-69.49043797599307],[74.69367621849317,-69.4908800193333],[74.67441742940674,-69.49203117790746],[74.6672139603111,-69.49155034252173],[74.66067001747606,-69.49196433541562],[74.65589337514587,-69.49246441217083],[74.65196441830396,-69.49245911919142],[74.64974148149453,-69.49179571126989],[74.64538488570805,-69.48993406689517],[74.64347195983288,-69.48844453122639],[74.63540559307951,-69.47986496403496],[74.62095575755106,-69.46905634450044],[74.61850353106072,-69.46844461316338],[74.61599874426109,-69.46725560903805],[74.61488639423904,-69.46477902216554],[74.61257396497929,-69.46366304289963],[74.60666830105502,-69.4621154832305],[74.59393972543673,-69.4603702182801],[74.58885199891775,-69.46002604065973],[74.57010696073029,-69.45875649388736],[74.56044515157417,-69.4561818236177],[74.55466343913731,-69.45364991999465],[74.55271497365804,-69.45224310951667],[74.55215843774145,-69.45184124685825],[74.54941199659982,-69.4503804686177],[74.54398528576927,-69.44803793757299],[74.55361484689247,-69.43776559799055],[74.55440865623548,-69.4374067231376],[74.55786051127762,-69.4359674415352],[74.55845571107751,-69.43466869076057],[74.5629898305606,-69.43085520588363],[74.56694456411618,-69.42352839369056],[74.56796585457043,-69.42163543049548],[74.56674913823964,-69.4187635527326],[74.56635341116299,-69.41638178550389],[74.56854277270952,-69.41510658195271],[74.57122169008129,-69.41475237109236],[74.5751982810344,-69.41457182475885],[74.57532611545786,-69.41456567431817],[74.57833230961565,-69.41442100258467],[74.57823540741637,-69.41195741181181],[74.57823271757681,-69.41188901578427],[74.57856672705157,-69.41008038369766],[74.580924135324,-69.40939797358445],[74.58364014004776,-69.40838338486076],[74.58526122125267,-69.4075073837032],[74.58642211131068,-69.40680739689815],[74.58832577225223,-69.40691957129283],[74.590057124718,-69.4078164613096],[74.591934352913,-69.40851469520526],[74.59275445899266,-69.40855554990722],[74.59276533925559,-69.40855888303184],[74.59494525788735,-69.4090405169364],[74.59746012659168,-69.40871162557274],[74.60224179138902,-69.40778302487432],[74.60601812809048,-69.4069100057386],[74.60817113996396,-69.40591498846013],[74.6102311745944,-69.40400484757367],[74.61347788505108,-69.40287097382057],[74.61549926748347,-69.40299859144704],[74.6191798084771,-69.40396546656237],[74.62224662569452,-69.40437516896905],[74.62465467915737,-69.40426925999583],[74.6252689887169,-69.40344869949692],[74.62544813052955,-69.40190494575005],[74.62616399664145,-69.40124048228519],[74.63060519531113,-69.40150109807954],[74.63258977177705,-69.40091104659732],[74.63354916626471,-69.39951906765354],[74.6333208357949,-69.3973509709547],[74.63410905468588,-69.39536615101721],[74.63623485511414,-69.39389250453523],[74.64016971972934,-69.39299294539023],[74.64198202291402,-69.39180995550629],[74.63918486428727,-69.39115145359534],[74.63615602038753,-69.39008193214099],[74.63609007878766,-69.38788811747942],[74.63731283575494,-69.38662646831774],[74.64010846326747,-69.38590742360498],[74.64440382170457,-69.38567362676656],[74.64730080701457,-69.38511053634187],[74.64782429683196,-69.38437300420559],[74.64609610720088,-69.38309732018449],[74.64856593264939,-69.38242972526052],[74.65000352287154,-69.38171927926192],[74.6529765805822,-69.38083389186104],[74.65314916504423,-69.3807646616006],[74.65652957494902,-69.37940850401989],[74.65904669906588,-69.37831975539314],[74.66201543990103,-69.37781367845884],[74.66487882802775,-69.37753095628659],[74.66563467533166,-69.37737606289163],[74.66712434022472,-69.3770707731891],[74.66747260872866,-69.37687706934415],[74.66946549759984,-69.3757685543554],[74.67159612160013,-69.37491312727342],[74.6750415175325,-69.37429752957388],[74.67509583925212,-69.37428782245692],[74.67651286520012,-69.37409695657868],[74.67793017071973,-69.37566306210552],[74.68346784614997,-69.38205206159427],[74.68516864774067,-69.38147152336997],[74.68200006838278,-69.37563597973796],[74.67931997887953,-69.36796604890188],[74.67933852640283,-69.36568932210888],[74.6805731119692,-69.36428710324667],[74.68187927290948,-69.36425036759533],[74.68945227048441,-69.36540545252228],[74.69927354325876,-69.36821586797393],[74.70678000550141,-69.37215674216148],[74.7197369044213,-69.37573462637349],[74.7208655827883,-69.37745661535237],[74.72191836698994,-69.37863513065568],[74.72211619588398,-69.38021911707385],[74.72291900411594,-69.38084513187779],[74.7239477365583,-69.38224293032131],[74.7232245432088,-69.38370441568873],[74.72490358288427,-69.38429858612832],[74.7344576956529,-69.38638463300498],[74.73705873267681,-69.38710113728919],[74.74062677182518,-69.3880943819315],[74.7421525190046,-69.3872587323274],[74.74441823271148,-69.38592805800454],[74.74561506330924,-69.38551875026279],[74.7470734641796,-69.38501995412909],[74.74979790557455,-69.38404687001628],[74.75196656926447,-69.38359325993777],[74.7537612919435,-69.38427654315988],[74.75427732791452,-69.38479992011708],[74.75561674536654,-69.38524496927808],[74.75633616557376,-69.38580495870735],[74.75788883942532,-69.38927406949166],[74.75878153373608,-69.39080157018802],[74.76018444552845,-69.39165516455346],[74.76299538272029,-69.39217643115299],[74.7658326646636,-69.39188540618035],[74.77178248118119,-69.39163635628279],[74.77448281308644,-69.39088213785988],[74.77842982831586,-69.38955168454225],[74.77925926090353,-69.38926478500007],[74.78276875354135,-69.38805071888],[74.78586057782131,-69.38712589510521],[74.78793576595068,-69.3869560517654],[74.79033235314326,-69.38727363457384],[74.79148265871423,-69.38816747829449],[74.7925545579836,-69.38906395826788],[74.79348413707031,-69.38984134061998],[74.79521006156956,-69.3911820805631],[74.79742012785776,-69.39266103136308],[74.80115427903391,-69.39330373971762],[74.805674486231,-69.39301245334806],[74.81042682323512,-69.39171389396512],[74.81451015574652,-69.39025263171627],[74.81523099268648,-69.38998348739904],[74.83234030155171,-69.38928337398058],[74.84780364058891,-69.38958641055974],[74.85432354594673,-69.39442684619772],[74.85176529314477,-69.39480429239842],[74.8480577815722,-69.39609537342453],[74.83724528916635,-69.39801335858165],[74.83445981742783,-69.39963883069474],[74.8376812257429,-69.40178473258206],[74.84540610938004,-69.40352772236918],[74.8485670376704,-69.40431557818519],[74.85032067983192,-69.40484350486788],[74.84739065264486,-69.40601328676831],[74.84132193951076,-69.4079546784912],[74.8368653022533,-69.40851695361309],[74.82696701644004,-69.40976523331935],[74.82874291531648,-69.41126004069324],[74.83293711639195,-69.41371316990964],[74.83561908853916,-69.41528145761488],[74.83490307733642,-69.41615059409342],[74.8338637373538,-69.4171253119295],[74.83334673343938,-69.41712173481588],[74.83553922349654,-69.42258724182409],[74.84751976267844,-69.43202092503775],[74.85314353940527,-69.43221785231206],[74.85886237162909,-69.43479267104289],[74.86522601404008,-69.43590554710384],[74.87417301596,-69.43648091639561]]]}},{"type":"Feature","properties":{"id":"C30","name":"Iceberg C30","latitude":-64.77521,"longitude":96.27293,"length":"9 NM","width":"3 NM","areaSqKm":75.06,"status":"Current","lastUpdate":"08/27/2026"},"geometry":{"type":"Polygon","coordinates":[[[96.20952168829791,-64.69576100664106],[96.21438489640445,-64.69676561960667],[96.21806946024914,-64.69677819120183],[96.22525962330178,-64.69591443623762],[96.22645300688059,-64.69624800329271],[96.23210153524956,-64.69782658640528],[96.23211218748254,-64.69782702586072],[96.23413786399823,-64.6990091410183],[96.24685713296556,-64.70074798742824],[96.26099361499865,-64.69997983785842],[96.26348602403708,-64.70329972398105],[96.26993733818304,-64.70527820306529],[96.27294496122764,-64.70696101685188],[96.27591018788314,-64.70744606960008],[96.28732558532714,-64.70926248804476],[96.29162693793059,-64.70999055254813],[96.29357732885342,-64.71092334583982],[96.29575360694946,-64.713998416209],[96.29805705629326,-64.71650515016408],[96.29928960985426,-64.71794713359547],[96.29970201377269,-64.7191042935576],[96.30076942107944,-64.72209882840411],[96.30203817694156,-64.72277600289556],[96.30648684245487,-64.72515001996331],[96.3065265094379,-64.72622171239759],[96.30571859799535,-64.72830805206897],[96.30576946149372,-64.72863814360439],[96.30610687942259,-64.73082772550941],[96.30721180464572,-64.73277504989477],[96.30881904276801,-64.73370513723341],[96.3094736935916,-64.73408395080584],[96.31098644558867,-64.735082618781],[96.3119561546528,-64.73734615487635],[96.31279494466881,-64.74005201611031],[96.31396438182044,-64.74370155928521],[96.31594898445034,-64.7454537326603],[96.31824090159033,-64.74751909617083],[96.31996644793692,-64.7502189502338],[96.3206684197592,-64.75317809356515],[96.3213776855828,-64.7563264091712],[96.32206811758589,-64.75897037043302],[96.3218559403065,-64.76117910291946],[96.32163229179957,-64.76306882482045],[96.32195018944905,-64.76321926035305],[96.3236766920198,-64.7647972502007],[96.32481452953796,-64.76519495458058],[96.32795469885065,-64.7661823434088],[96.3313172830571,-64.76912320029551],[96.3342133333218,-64.77143657820264],[96.33707367976598,-64.77280414149675],[96.33978173482669,-64.77404658128414],[96.34288045072003,-64.77774593269028],[96.34283734275645,-64.77870158059426],[96.34280076294928,-64.7795124456262],[96.34274132533949,-64.77987650829161],[96.34220276586083,-64.78317472510629],[96.34226840823516,-64.78487718259693],[96.34142273958571,-64.78595532536892],[96.34087760162718,-64.78683736259873],[96.34134275690394,-64.78883123347634],[96.34157428083063,-64.79106343005829],[96.34506770864128,-64.7960844384931],[96.34648183734458,-64.79821900834857],[96.34858438386865,-64.79902415303623],[96.35099027064612,-64.80001634683462],[96.353117729663,-64.80145200538361],[96.3529114445923,-64.8020216916018],[96.3523162283455,-64.80366533258483],[96.35061949307317,-64.80569577887455],[96.35252776231523,-64.80908841393654],[96.35202684922508,-64.81142582750331],[96.35228799091799,-64.8143255682912],[96.35220148380368,-64.81590314510697],[96.35065191449728,-64.81793263671051],[96.34596147613915,-64.8191642184729],[96.34172442651615,-64.82064478393097],[96.33941398073904,-64.82217485781229],[96.33617857587484,-64.82276513708948],[96.33505575023305,-64.82311349837931],[96.33484358763424,-64.82306996153834],[96.33478001392366,-64.82317745197476],[96.3248477881451,-64.82324506408021],[96.3172789081833,-64.82425083654412],[96.30783092317944,-64.82550559968864],[96.3065875285154,-64.82750961199282],[96.30462654601195,-64.83055070190825],[96.30268607820486,-64.83415939653898],[96.30164093016302,-64.83795136244849],[96.3011648440894,-64.84110872411041],[96.30056140991205,-64.84483473490965],[96.29886447544416,-64.84705404880081],[96.29922369415029,-64.84875495652663],[96.29958296488408,-64.85045587314153],[96.29828843333787,-64.85153698010386],[96.29533534310619,-64.85187207942954],[96.29013326926123,-64.85152805198489],[96.28553343624851,-64.85143221014674],[96.28157903106876,-64.85278296696812],[96.27821946165103,-64.85419281928347],[96.27514469699582,-64.8552853096652],[96.2716045657914,-64.85581296229874],[96.26923689373807,-64.85595443902902],[96.26774080453902,-64.85558556617505],[96.2674690510354,-64.85526725924214],[96.26634817968396,-64.85395428444211],[96.26453786542851,-64.85308271242998],[96.26094658593891,-64.85215943278615],[96.2569020077606,-64.85098660692954],[96.2531432345311,-64.84949643067446],[96.25130288925972,-64.84774170544637],[96.24856701454702,-64.84580336429428],[96.24672289988487,-64.84392246186792],[96.2445980016576,-64.84248489246103],[96.2428067546771,-64.84211762125224],[96.23818286860126,-64.84126333273862],[96.23294724605161,-64.83984493546103],[96.23021157047513,-64.83784321060055],[96.22926904197952,-64.83627197966469],[96.22788888539289,-64.83435219983691],[96.22802140615369,-64.8339205533573],[96.2292367685075,-64.82996122274382],[96.23198235350134,-64.82893787500839],[96.2347832819152,-64.8285420464201],[96.23984894125122,-64.8293936380594],[96.2440306811391,-64.83037675195033],[96.24714749705907,-64.83054640517315],[96.24770486580672,-64.82953360905717],[96.24366685615142,-64.82842355098775],[96.23873201022492,-64.82706665506029],[96.23648908143373,-64.82644982656522],[96.23394363721374,-64.82564560148292],[96.23356345574761,-64.8231878870498],[96.23346221840153,-64.82022384268609],[96.23277319864154,-64.81738962725503],[96.23205639226065,-64.81373562024942],[96.23102880609888,-64.80964205525945],[96.23110809376796,-64.80762316553059],[96.23144892533541,-64.8045934884212],[96.23373863311014,-64.80230864892643],[96.23448188613469,-64.79807814441492],[96.23353631398946,-64.79638106048515],[96.23304314645002,-64.79493346457635],[96.23282430842775,-64.7928534612373],[96.23171186407012,-64.79058979745453],[96.23042819971779,-64.78763343299943],[96.22618396386241,-64.78456919545009],[96.22289560156862,-64.78351720861195],[96.22181418572784,-64.7821363185266],[96.22143166039714,-64.77955286195696],[96.2222336133972,-64.77702524896742],[96.2221000148277,-64.77305285518298],[96.22187170618466,-64.77065774109558],[96.22018304449507,-64.76877610179726],[96.21777078419622,-64.76734032083512],[96.21654054760589,-64.76589732043674],[96.21456561312674,-64.76426964665339],[96.21140516977579,-64.76252300067334],[96.20824934644004,-64.76090239326136],[96.20491928950118,-64.75846295267183],[96.20394000244872,-64.75563102045199],[96.20396803498163,-64.75532068247074],[96.20515689776622,-64.75389963198897],[96.20814546167354,-64.7503266528017],[96.20850595348521,-64.74953326466347],[96.20889531770796,-64.74916898776473],[96.21090763050749,-64.74751726907476],[96.21201526324921,-64.74530347185195],[96.2129897731186,-64.74353190445184],[96.2139473713536,-64.74125597291398],[96.21253553562934,-64.73874219922152],[96.21215257711025,-64.73609609408972],[96.21200411088897,-64.73161995217326],[96.21334938349283,-64.72770232861573],[96.21356267646665,-64.72524188220451],[96.21289118334181,-64.72278682814061],[96.21284570974373,-64.7224554738853],[96.21313503282198,-64.72048738915869],[96.21494378400182,-64.70759267503689],[96.20724106088356,-64.69985155919088],[96.20952168829791,-64.69576100664106]]]}},{"type":"Feature","properties":{"id":"C31","name":"Iceberg C31","latitude":-64.67755,"longitude":96.49111,"length":"9 NM","width":"3 NM","areaSqKm":73.07,"status":"Current","lastUpdate":"08/27/2026"},"geometry":{"type":"Polygon","coordinates":[[[96.46607846316313,-64.70550764073474],[96.46509598166385,-64.70558756431666],[96.46154598429564,-64.70548429956611],[96.46045883425356,-64.70573895146907],[96.43573853646427,-64.70588998390596],[96.39469558885891,-64.70720145014046],[96.3633383259344,-64.70593508727275],[96.34023311392522,-64.70546271820167],[96.31418874059224,-64.70714227410004],[96.30745471045485,-64.70792668389265],[96.30692410119326,-64.70743703071616],[96.30644902195328,-64.70704617030363],[96.30595211407747,-64.70606434568238],[96.30684392000143,-64.70527016321238],[96.30955553254722,-64.70329448885852],[96.35309297613514,-64.68259057049977],[96.36374846901533,-64.67900446311799],[96.36678220580153,-64.67766080833185],[96.38515654784136,-64.67122218816162],[96.3986497575823,-64.66724548177326],[96.42736709032614,-64.65755510671718],[96.44026414228455,-64.65396297476238],[96.44211385081894,-64.65315793624113],[96.45999925501638,-64.64691015450234],[96.47154939562478,-64.64307500774315],[96.47676201064337,-64.64145710315948],[96.48087788648292,-64.64102986877721],[96.48410557722977,-64.64129921487508],[96.48782310764696,-64.64225399745482],[96.49014561684618,-64.64282606901322],[96.49523707978415,-64.64367093598015],[96.49959586679095,-64.64353663359513],[96.5128435834787,-64.64185093003871],[96.52515752615889,-64.6398762745208],[96.54454990923715,-64.63705201738652],[96.54665745224676,-64.63792044605434],[96.5482696633991,-64.6393075789458],[96.5640196261068,-64.64654470492604],[96.56475543500136,-64.64662911503342],[96.5748240641113,-64.65057969463578],[96.58040312324093,-64.6519096273559],[96.58993103956243,-64.6540908118242],[96.59970483523473,-64.65656467179824],[96.61243851242632,-64.65841998202589],[96.61915563204519,-64.65944251059304],[96.62357542281809,-64.6604857567794],[96.62637715941509,-64.66134669273175],[96.62781996745366,-64.66261411118342],[96.63109654628423,-64.66376613632373],[96.6341336990288,-64.66472327184113],[96.64203252815659,-64.66632487474298],[96.64508541112981,-64.66757717679008],[96.65000260308874,-64.66930458495034],[96.65350596494834,-64.67035547176636],[96.6567999135858,-64.67180231015853],[96.65551125169137,-64.67358772763066],[96.65491258821334,-64.67424318811074],[96.6553785688852,-64.67463354718461],[96.65353769779449,-64.67611024352095],[96.65100895276765,-64.67653865795445],[96.63172928472392,-64.68265364229917],[96.63108317663475,-64.68320814142716],[96.62397203342839,-64.68688458314419],[96.61958810759668,-64.69010791303494],[96.61593003147946,-64.69165962557528],[96.59259540322553,-64.69475407412959],[96.55806657921859,-64.6996878308636],[96.53384218274962,-64.70208336194439],[96.50458295895662,-64.70421014986479],[96.50411491680413,-64.70425456778067],[96.50140132340982,-64.70430393433634],[96.48181740878881,-64.70525978324225],[96.47474426311952,-64.70560428745495],[96.46607846316313,-64.70550764073474]]]}},{"type":"Feature","properties":{"id":"D15B","name":"Iceberg D15B","latitude":-67.01871,"longitude":81.57787,"length":"20 NM","width":"12 NM","areaSqKm":610.52,"status":"Current","lastUpdate":"08/27/2026"},"geometry":{"type":"Polygon","coordinates":[[[81.84946520154098,-67.0021967886161],[81.86381589398523,-67.00544233183813],[81.8640554193604,-67.00764217784415],[81.86577178947744,-67.00965553579488],[81.86976722630598,-67.01020747963999],[81.87179085531814,-67.01048697741277],[81.87932830392438,-67.0111144609461],[81.88721568183605,-67.01265071588493],[81.89771600176553,-67.01352350569822],[81.90200729969796,-67.01442999515167],[81.90287927156996,-67.01593249197477],[81.90363694818812,-67.01764550608512],[81.90344859189092,-67.01850992647083],[81.90524323686266,-67.01986898832266],[81.90722633026665,-67.02036360279726],[81.91217238892058,-67.02110400081946],[81.91903707589748,-67.02090325184844],[81.92648130330736,-67.02119020685058],[81.93168152343145,-67.02250092166247],[81.93767469057575,-67.02442701617244],[81.9407620305671,-67.02600242360522],[81.9413207073902,-67.02663605164399],[81.94233134251996,-67.02778216933012],[81.94349178146604,-67.02875810937908],[81.94469986473183,-67.0291176214791],[81.94809872685993,-67.03012897898998],[81.9547639000511,-67.03133974197385],[81.96534384888652,-67.03364321703958],[81.96988460850774,-67.03357794941091],[81.99159268481398,-67.03613693644705],[81.99583528964365,-67.03714604677411],[82.0015820202693,-67.040588224609],[82.00798353581435,-67.0438639421997],[82.01459993885159,-67.0472668869239],[82.01935745152369,-67.04941710343185],[82.0284469712091,-67.05137263919723],[82.0327939256141,-67.05271882011795],[82.02991371930253,-67.05545183015546],[82.02709964325189,-67.05578218403043],[82.02660466628903,-67.05584028528105],[82.02227269202426,-67.05603477799994],[82.01964565471856,-67.0572488741111],[82.01110934338364,-67.06105721715058],[82.00112661391296,-67.06614572321648],[81.99438274833346,-67.0695816394208],[81.98738422008228,-67.07626575059044],[81.97537445902282,-67.08385775785095],[81.97178671798022,-67.08631259676993],[81.96059687289446,-67.0913317136559],[81.93482054203216,-67.1039493343979],[81.93568221657317,-67.10600090915527],[81.93765113536557,-67.10913404995111],[81.93830953715927,-67.1125992118464],[81.93660669185344,-67.115209538971],[81.93264053785354,-67.11730315303797],[81.93056756631691,-67.11955290852751],[81.92906770584852,-67.1207496066008],[81.92685441936315,-67.12221755916613],[81.9240011662556,-67.12330258751194],[81.91768714102174,-67.12399186697081],[81.91731094558537,-67.12404133785533],[81.89957716780062,-67.1276898516515],[81.88429217528869,-67.13292024501601],[81.87428804560906,-67.13211721079895],[81.86455618593209,-67.1334188831087],[81.85642716754504,-67.13561600421046],[81.85072777662921,-67.13684891240298],[81.85061671114507,-67.13747999430197],[81.8497501829441,-67.13905919209444],[81.84650471519029,-67.14033087163834],[81.8439083468634,-67.14029234609599],[81.84004676669205,-67.14023495996811],[81.83615950337254,-67.13958180128469],[81.83111116070776,-67.13795135711696],[81.82778640294705,-67.13833543773674],[81.82303933633725,-67.1401698110217],[81.82239447387727,-67.14041896754253],[81.8163452237113,-67.14420914086985],[81.81369741587255,-67.1469612684296],[81.8103913686449,-67.14987883215778],[81.80737409382454,-67.15072862213023],[81.80723132395977,-67.15074924207407],[81.80398900113562,-67.15121745003401],[81.79882410971182,-67.1513377503005],[81.79448564759355,-67.15188465569913],[81.79303991605798,-67.15206687048652],[81.7870623255411,-67.15211903884251],[81.77961590838379,-67.15072711291619],[81.76789330585548,-67.14895848486736],[81.76180321879494,-67.14912937715329],[81.75752949521119,-67.14866199273091],[81.76039693941097,-67.14603873811097],[81.74948733967382,-67.14877813968718],[81.73539151815166,-67.15231544698301],[81.73273750681652,-67.15352479389914],[81.72981242074538,-67.15471140744017],[81.72838237725016,-67.15454222584557],[81.7266214077286,-67.1543338687641],[81.72293153264546,-67.15281310524574],[81.72222027531339,-67.15154201484529],[81.72259199889629,-67.1503617379496],[81.72118552070236,-67.14881208030808],[81.71220023808458,-67.14662643533151],[81.7080730608409,-67.14385695295407],[81.70494244027499,-67.14337373249803],[81.69239929874566,-67.14198904810478],[81.6900445885713,-67.14113014932212],[81.68456038243067,-67.13978756955787],[81.68191338320047,-67.13945462354312],[81.67234966674523,-67.13831875136758],[81.64431333595851,-67.13881780928357],[81.64132159613692,-67.13873393343557],[81.64013325744693,-67.138244183871],[81.63752764527996,-67.13871989386168],[81.63716279732255,-67.13843407249814],[81.63446943400011,-67.13666416359939],[81.63115328641682,-67.13550249995964],[81.62488640961996,-67.13354029163885],[81.60029416061599,-67.12991490367229],[81.5952367750196,-67.13135897420501],[81.59349326699973,-67.13240905623405],[81.58795897811095,-67.13203218096763],[81.58592002921816,-67.13202923007728],[81.58221040988246,-67.13135519116001],[81.57752126779955,-67.13062635916569],[81.57518143803404,-67.1307581143924],[81.57295182601291,-67.13078406978164],[81.57176023561301,-67.13079792793275],[81.5684822439722,-67.13007852193573],[81.56400503669619,-67.12947741009768],[81.5588015881879,-67.12815319679898],[81.55841266815806,-67.12806309100102],[81.55707293552246,-67.12789612280429],[81.54756262744986,-67.12593015364742],[81.54460855844329,-67.1253414219836],[81.54310229315637,-67.12384100343327],[81.5413805829821,-67.1223719009141],[81.54029208994464,-67.12128734087273],[81.51661005297942,-67.11959691499607],[81.49662682277645,-67.11888024234334],[81.49371845682332,-67.11813454478322],[81.48178848183667,-67.115074626006],[81.47767340918,-67.11384017235616],[81.47554050231967,-67.11310620684553],[81.47130716354643,-67.11208182675685],[81.46617718978366,-67.11164169650513],[81.45928071478131,-67.11182128954327],[81.45610439744597,-67.11243035209041],[81.44989838301474,-67.11288929705007],[81.44718684787591,-67.1124181735661],[81.44434375281351,-67.11167994096772],[81.44013671112552,-67.11047158957459],[81.4389976514092,-67.10947206671537],[81.43844315533401,-67.1089854630122],[81.43670968565367,-67.10693146603641],[81.4335403202332,-67.1058121176362],[81.43171850622251,-67.1061491664748],[81.43003162127745,-67.10614117206391],[81.42738207609348,-67.10612857937113],[81.42289769654296,-67.1045929067733],[81.41995053575918,-67.10358346723213],[81.41601389601566,-67.10190363229879],[81.41282781433112,-67.10113504174592],[81.40902893816136,-67.10080740071339],[81.40104686472962,-67.1010719086613],[81.40016686610431,-67.10110104180242],[81.39715495351429,-67.10098212986284],[81.39414230920393,-67.10022804788149],[81.39159619532255,-67.09841518566805],[81.39143552306489,-67.09830077486639],[81.38930483000935,-67.09663489307279],[81.38615872457724,-67.09579848735855],[81.38497524824426,-67.09572796232955],[81.38353114302612,-67.09564189205952],[81.37846770712282,-67.09499231610751],[81.37399904676865,-67.0942528801332],[81.3688786994123,-67.09402139507097],[81.36256945675864,-67.09396901831695],[81.35883022927459,-67.09322167590175],[81.3518896372396,-67.09142043002058],[81.34865045475787,-67.08979870696672],[81.34632451645456,-67.08728538439487],[81.34464181132307,-67.08660428185988],[81.34188706458063,-67.08430969879518],[81.33886214083763,-67.08252733978955],[81.33531868641074,-67.08080818477593],[81.33424088104823,-67.07923048265297],[81.33403739094048,-67.07893258656696],[81.33432701130778,-67.07747574474296],[81.33440574201674,-67.07607116285268],[81.33373762117729,-67.07438998096094],[81.33272380315219,-67.07331389142068],[81.33088275711695,-67.07202236951468],[81.33065698970015,-67.07186397926222],[81.32778673228108,-67.06992073735873],[81.32334460756492,-67.06882869119993],[81.32187148015356,-67.06792424357276],[81.32270831979437,-67.0664608561681],[81.3228325719615,-67.06624355466131],[81.32488579760134,-67.06423446804666],[81.32638326566924,-67.06224762554254],[81.32937524534523,-67.05954397419687],[81.33033435704199,-67.0584983033677],[81.32962866410158,-67.05688443271393],[81.3266079417173,-67.05457516172937],[81.32347384083447,-67.05183251647156],[81.31915079528565,-67.05053873867304],[81.31546166827047,-67.04845318478692],[81.31527543032864,-67.04624931009374],[81.3149554803993,-67.04396323040531],[81.31303154741506,-67.04249289539923],[81.31130785623402,-67.04117541529662],[81.30534664975004,-67.03832681380636],[81.30409042219897,-67.03610013480524],[81.30453520433117,-67.034374703681],[81.30516661692491,-67.0342367112642],[81.30805400436388,-67.03181483564661],[81.31036135437834,-67.0292595757011],[81.31132164994627,-67.02757918481778],[81.31156417654533,-67.02616697842691],[81.31049150099781,-67.02508108531826],[81.30771494145758,-67.02450806120557],[81.30302856699774,-67.02332722711981],[81.3003340230675,-67.02278288424158],[81.2982225697219,-67.0223562812872],[81.29747951425429,-67.0211887597031],[81.2985890309607,-67.01974200221848],[81.29924415610259,-67.01936023404238],[81.30155072663324,-67.01801597042784],[81.30382315947095,-67.0170015514144],[81.3060640205332,-67.01653564711451],[81.31027426349974,-67.01657236630888],[81.31585681193015,-67.01716968320686],[81.32084229389365,-67.0178249581441],[81.32505280133748,-67.01786125198205],[81.32397986728196,-67.01677548824846],[81.32087439129937,-67.01524026306699],[81.32045994117318,-67.0150353542915],[81.31631446314374,-67.01290977652368],[81.31211225755742,-67.0098970592405],[81.30826839539604,-67.00724620317952],[81.30379980566445,-67.00420985610546],[81.30066896130745,-67.00327478496223],[81.29500184498355,-67.00233841668665],[81.28569664847154,-67.00086298583774],[81.27898504813895,-67.00027554271105],[81.2728749891165,-66.99863781263547],[81.27118062149731,-66.99716619454296],[81.27005547541661,-66.99519310538021],[81.26887477260482,-66.99233302274922],[81.26578385958479,-66.98985676767028],[81.26197664946268,-66.98764837079005],[81.25706464261665,-66.98589420327029],[81.24313228497589,-66.98169343328834],[81.23711737694893,-66.98039282188238],[81.23212151739986,-66.97829935303798],[81.23072658581998,-66.97729443942947],[81.22959989941458,-66.97631310887954],[81.22787683703145,-66.9753895550864],[81.22516881631209,-66.97471009515309],[81.21984697823737,-66.97269761648307],[81.216549785501,-66.97108383100519],[81.21224131033212,-66.96927052472887],[81.21001714263309,-66.96775110046555],[81.20975612055503,-66.96673556714725],[81.19652751552627,-66.96281143977404],[81.18886046088889,-66.9604800787254],[81.18759538798983,-66.95985993555834],[81.18556728867425,-66.95886566178137],[81.18670715090558,-66.95786352364549],[81.18868458112766,-66.95638397130995],[81.18762118615304,-66.95529744058918],[81.18254081178603,-66.95385580788496],[81.1812979297458,-66.95318786934249],[81.17910214950058,-66.95200771783088],[81.1773570100212,-66.95064019256333],[81.17898021089798,-66.94879861326696],[81.1813719895989,-66.94757645352087],[81.18165932749422,-66.94749255033136],[81.18745910984553,-66.94579875883852],[81.19014406597483,-66.94504357612409],[81.19164512027008,-66.94341177985875],[81.19204124462689,-66.94223372884711],[81.18993398237973,-66.94149606499904],[81.18858989961704,-66.94133703328922],[81.18624714708815,-66.94105980496423],[81.18434744950369,-66.94045067369383],[81.18512421885596,-66.94007825312259],[81.18703187339858,-66.93969556213754],[81.18932779213068,-66.93912662491809],[81.19365165502762,-66.93796499135141],[81.1938702538183,-66.93772725407545],[81.19515197974584,-66.93633319762995],[81.19603150315945,-66.93562416840979],[81.19934283335674,-66.93295428783267],[81.19977569440397,-66.93275317942036],[81.20432782729388,-66.93063798037724],[81.20695725084563,-66.92899569840371],[81.2100078227751,-66.92661875088885],[81.21101915587768,-66.92542576004085],[81.21527641206657,-66.92384469646149],[81.21743572151654,-66.92248788156397],[81.21945644695037,-66.91896291024905],[81.2285403009967,-66.91075528864012],[81.23009423949347,-66.91019939710435],[81.23164415043357,-66.90945414373574],[81.23554559566439,-66.90803432488008],[81.2404285102687,-66.90637025730967],[81.24364702458028,-66.90466963274346],[81.24879587453736,-66.9030288650304],[81.25088432807121,-66.90133884477267],[81.25235131654829,-66.89914116010644],[81.25557623689058,-66.89816015216405],[81.26698985965163,-66.89174588824417],[81.28201031317022,-66.8900081595835],[81.28827839179874,-66.88761904111244],[81.28804035490165,-66.88686223171165],[81.28685949408126,-66.88499498306672],[81.28754832022727,-66.88329209817525],[81.30170446609367,-66.87417638066192],[81.30424090622421,-66.87349727511618],[81.30666324919582,-66.87284863822595],[81.3141122880653,-66.8720699529437],[81.3190964650304,-66.87217668394705],[81.32034511260531,-66.87096386235297],[81.31779585819179,-66.8693856769327],[81.31681956814344,-66.86878121138041],[81.31670490610367,-66.86700801001864],[81.32038421465703,-66.86644930204339],[81.3264338464211,-66.865920005123],[81.32981800289384,-66.86562379815125],[81.33444542912939,-66.86536828009218],[81.33803549175141,-66.86447081388856],[81.34165555174837,-66.86302499549416],[81.34592677497193,-66.86240742786424],[81.3520288116812,-66.86256123949138],[81.35508996375323,-66.86354003137328],[81.3584410947949,-66.8640535523313],[81.36377954987826,-66.86452040134851],[81.37018598983681,-66.86508036153084],[81.37374535204026,-66.86572185072941],[81.3763854621904,-66.8665032984597],[81.37911441081276,-66.86663142578828],[81.38225817449116,-66.86602453666521],[81.3883083049765,-66.86523054716946],[81.39154096391316,-66.8649617434004],[81.3967027670176,-66.86574238305573],[81.39869134544327,-66.86668687234864],[81.40275697006606,-66.86792248731075],[81.41109556028367,-66.86953007768116],[81.41881143652455,-66.87075245215806],[81.42602222925007,-66.87137967827785],[81.43282307219884,-66.8737332630382],[81.44497172721395,-66.87754204013373],[81.44907313605991,-66.87921969994763],[81.46611000152745,-66.88631384516293],[81.4701239714595,-66.88765270155864],[81.4713744853721,-66.8884217943812],[81.47364021270992,-66.89038011822403],[81.47635515527557,-66.8930380797885],[81.4812370198097,-66.89533267452839],[81.48861252232827,-66.89718173814731],[81.49408473297953,-66.8984254349359],[81.50056870156492,-66.89986634638244],[81.50416967774123,-66.90094803450958],[81.50961741546264,-66.90273953528639],[81.51449829939718,-66.90404140112814],[81.51726524160387,-66.90461027042464],[81.52158585097365,-66.90641416816898],[81.52567237530006,-66.90863822260701],[81.53026925655925,-66.91145664474321],[81.53408986636313,-66.91365746521522],[81.53985150694,-66.9169060004401],[81.54540567691977,-66.92002625726546],[81.55271073083885,-66.92252573280985],[81.55837682368805,-66.92444362523743],[81.56169165738108,-66.92604942329362],[81.56731689933537,-66.92653188809965],[81.5708488728162,-66.92573359229762],[81.57778580148388,-66.92335518673879],[81.58190159660886,-66.92150568888522],[81.58455119137592,-66.91875986348604],[81.58689831634153,-66.91554776868901],[81.59188346768846,-66.91465345787007],[81.5964019716482,-66.9145997641607],[81.63138843699234,-66.92567161756917],[81.64864377070941,-66.93308818623662],[81.68195295378636,-66.9408588900013],[81.68203601785906,-66.94095683518474],[81.68539971305937,-66.94158482974161],[81.68857684634898,-66.94257531991303],[81.69273183804675,-66.94458800002566],[81.69540442893098,-66.94629389726278],[81.69639493781422,-66.94638421609173],[81.69767784543802,-66.9471118800118],[81.70131748214727,-66.94764038271474],[81.70733528989656,-66.94792990603185],[81.71777709987664,-66.94936387625661],[81.72208563001301,-66.95071876622877],[81.72422690820159,-66.95244058314103],[81.72705787053314,-66.95444074837287],[81.73184686240153,-66.95594589557317],[81.73423626739789,-66.95697485629942],[81.73502601262798,-66.95731491757878],[81.73557910053825,-66.95835209984725],[81.73453784170894,-66.96024516570311],[81.72743755652888,-66.96140642392119],[81.72137502517576,-66.96131078179977],[81.72103159641873,-66.96130535576278],[81.71860991760607,-66.9626415155167],[81.72036772503814,-66.964551095899],[81.72421600030982,-66.9667473278608],[81.72965536407519,-66.96962806663323],[81.73402638420471,-66.97087752459773],[81.73878221308847,-66.97193916573018],[81.74933237214512,-66.9737091895724],[81.76456437284736,-66.97719302006651],[81.7704733313043,-66.97923082764297],[81.77434889221375,-66.98087729013136],[81.778262961223,-66.9829670269429],[81.78682453515967,-66.98478668707767],[81.80422051676682,-66.98690654888755],[81.82113954989612,-66.98887412959252],[81.82723558423908,-66.99052534361185],[81.83053543109871,-66.99377177483261],[81.83647152044539,-66.99593656250813],[81.8418240962667,-66.99874821460304],[81.84946520154098,-67.0021967886161]]]}},{"type":"Feature","properties":{"id":"C36","name":"Iceberg C36","latitude":-67.46326,"longitude":146.48438,"length":"23 NM","width":"16 NM","areaSqKm":848.13,"status":"Current","lastUpdate":"08/27/2026"},"geometry":{"type":"Polygon","coordinates":[[[146.1912690252484,-67.54503539355436],[146.1866977547218,-67.54480730482405],[146.1834963985835,-67.54312334561465],[146.18556914782482,-67.54225398981627],[146.18632588273684,-67.54193657499154],[146.18937718316187,-67.54125996180493],[146.19026713129455,-67.54015460824999],[146.18624843505188,-67.53772580701268],[146.17969646240618,-67.53514354258778],[146.1732614590242,-67.53270048419958],[146.17109637815997,-67.52935674094502],[146.1678061647622,-67.52392450109244],[146.16210463252025,-67.5213927802443],[146.15657884678018,-67.52052741901934],[146.1485213665292,-67.51950796702442],[146.1431401916463,-67.51808779953905],[146.14176801226776,-67.51618270953382],[146.13571670379235,-67.5134628588939],[146.12445133266704,-67.51121978756657],[146.12013754351813,-67.51036051609998],[146.11475067009212,-67.50917062952972],[146.1116749304312,-67.50762483794288],[146.10956775521294,-67.50603876696228],[146.1081139301505,-67.50330018472387],[146.1077628877299,-67.50019841098978],[146.10596525393632,-67.49704135446723],[146.10612192981026,-67.49527050994956],[146.10619841434522,-67.49440590849515],[146.10872073952177,-67.49187731747082],[146.1086340731088,-67.49085416696927],[146.10856000493752,-67.48997962485453],[146.10573662856478,-67.4882503255383],[146.10238550485354,-67.48758164478873],[146.10088422933563,-67.48599935172624],[146.09964233859068,-67.48400234861863],[146.09247340663163,-67.48233786746812],[146.08547945047084,-67.482703026274],[146.07577309789582,-67.48233784712387],[146.07285963836074,-67.47878696745717],[146.07681471652685,-67.47554873011423],[146.0767608919291,-67.47306585550056],[146.074277354262,-67.47012401359645],[146.07654005387263,-67.46774927564466],[146.0770894217123,-67.46494378755484],[146.07789260163298,-67.4634040531873],[146.0793129908481,-67.46068058190097],[146.0872594737462,-67.45679235682815],[146.09708799310366,-67.45074791069398],[146.10132587062162,-67.44893334042554],[146.1053410564646,-67.45088185187171],[146.11334706575983,-67.45182964742997],[146.12015195636147,-67.45134286539506],[146.12653447571657,-67.45088599585428],[146.13437130307716,-67.44934909036274],[146.12727438899682,-67.44844300419471],[146.1240887446253,-67.44713750252026],[146.1201715445988,-67.44553189464007],[146.12094723635187,-67.44297265048473],[146.13180345819615,-67.4395666122369],[146.13883265241924,-67.437639994583],[146.15068437132817,-67.43498462175926],[146.15982604516813,-67.43414859527721],[146.16769476635906,-67.4284314354924],[146.17294749528807,-67.4252458487],[146.16619446993258,-67.4242387853663],[146.1589305714108,-67.424840769715],[146.15011560279987,-67.42364169650145],[146.1517728388548,-67.4201788138129],[146.16226511134613,-67.41486918710136],[146.17455575212276,-67.41069987531748],[146.1867371972382,-67.40687859920605],[146.1912965486038,-67.40495881803841],[146.19324833707063,-67.40150908654549],[146.202922540375,-67.39887247914643],[146.21078024570937,-67.39615516009017],[146.22513285782853,-67.39219172385694],[146.23807260048264,-67.38781147548963],[146.25224059005004,-67.3849939255961],[146.25875786445192,-67.37999917975205],[146.25127028104848,-67.37531019621709],[146.24773862583746,-67.37173747727445],[146.24685720164905,-67.36851690087828],[146.25038386344278,-67.36384034594927],[146.25712656306814,-67.35965862404585],[146.26158950397868,-67.35490537797554],[146.25884257464344,-67.34971785558409],[146.2581589946509,-67.34685981061749],[146.26130189365585,-67.34346287251418],[146.2651844288893,-67.33962710086948],[146.26457155066478,-67.33746208032395],[146.26703046425092,-67.33346194026822],[146.26636502999992,-67.33193273636688],[146.2610949198024,-67.32506252206254],[146.26111886512433,-67.32099416136121],[146.2631198099024,-67.31860059910461],[146.26875292743733,-67.3150702168371],[146.281160226577,-67.30933306294615],[146.28299029622198,-67.30848650495983],[146.2921296938409,-67.3072847854111],[146.2927500690537,-67.30715576443743],[146.29755473640876,-67.30615637429469],[146.30060885946935,-67.30432248725705],[146.30138419033383,-67.30261587750432],[146.30010308480348,-67.30106471308581],[146.29942898803026,-67.30024841584304],[146.29679994878242,-67.29658316621304],[146.30070185121303,-67.29395906331621],[146.302974938442,-67.29225773027355],[146.3047279562463,-67.29094546027426],[146.3056620398475,-67.29024615525115],[146.3135432014501,-67.28434395935571],[146.3192276056418,-67.27621010618856],[146.321357139837,-67.2739092463939],[146.3227323264515,-67.27182138958224],[146.32857184921866,-67.27026069145185],[146.33574964253017,-67.26769502572745],[146.33634044250644,-67.26725171006129],[146.34124249146663,-67.26683691680442],[146.34391007965542,-67.26661111847173],[146.36062196461052,-67.26462807896337],[146.36914629927023,-67.26252433978877],[146.36945828487612,-67.26223760258452],[146.3887443245736,-67.2624494298451],[146.40388751308302,-67.26164883050393],[146.41694201938694,-67.26206564488086],[146.42595305522403,-67.26022567886145],[146.4282520626553,-67.26036252041128],[146.43247507194772,-67.26061378758183],[146.43760420780632,-67.26417366801945],[146.44068727119705,-67.26750844258501],[146.4492015223871,-67.27028724501699],[146.45320477449383,-67.27108148053048],[146.45960426238838,-67.27235078172569],[146.47391582954,-67.27500643187028],[146.49771557091003,-67.27935705335705],[146.50739206327472,-67.28090901796458],[146.5189551484891,-67.28174477847527],[146.5268247614381,-67.28076121471335],[146.53231355684645,-67.27767456068665],[146.539420938367,-67.27726551025724],[146.54546163690895,-67.2789647744385],[146.5459175849188,-67.27909301439918],[146.5536815069287,-67.28280226502189],[146.55545927767486,-67.28492391665309],[146.55641252483778,-67.28606138142496],[146.55969080951132,-67.28997229852413],[146.56526614612503,-67.2914348797464],[146.57012077426657,-67.29166710146357],[146.5770496117369,-67.29103896591864],[146.58567194109617,-67.2898379244659],[146.58873026387553,-67.28945435222073],[146.5924172840119,-67.2889918324288],[146.59724262983346,-67.29066760098385],[146.59831616813116,-67.29305429797873],[146.59638889395617,-67.29593760726893],[146.5924016474766,-67.29895913984011],[146.58955294672162,-67.30111733383306],[146.58644378089832,-67.30650508614988],[146.58037814579296,-67.31249480045123],[146.57269064135437,-67.31923826670341],[146.57762831844346,-67.32121100091426],[146.58281329921402,-67.3157757122388],[146.58800384045844,-67.31140037624634],[146.59130761503633,-67.3071901950677],[146.59571650502656,-67.30453991724148],[146.6084652659968,-67.30801447287041],[146.62102662360203,-67.30958461413285],[146.62365681665926,-67.31064350027869],[146.6342996259951,-67.31049996379397],[146.6494597399101,-67.31630745138524],[146.6531020983312,-67.32187361343244],[146.6544182965568,-67.32593091815997],[146.65303780525835,-67.33161559415245],[146.65591462406326,-67.33662759155241],[146.66217351891854,-67.33649376143462],[146.6674368386207,-67.33953618821212],[146.67542353664356,-67.34598700555333],[146.67170131516247,-67.34904448819336],[146.66791455077643,-67.35215406003366],[146.6688244810523,-67.35548829423595],[146.67855144299358,-67.3533752213317],[146.68724509150468,-67.3529478278215],[146.69827212227827,-67.36281856457597],[146.7023193127649,-67.36698723052837],[146.7096293931572,-67.37152446749357],[146.71554433172534,-67.37447378744965],[146.71659042028702,-67.37734222978983],[146.72793923121824,-67.37721561050517],[146.73217294595892,-67.37738776891666],[146.73261461141374,-67.37914722749332],[146.74461857639943,-67.38330906212549],[146.754856801359,-67.3872560231022],[146.75996959911964,-67.38981763644455],[146.75973490279716,-67.39370202113307],[146.75962184483816,-67.3955727807247],[146.76242606624348,-67.39651031063968],[146.76613761052366,-67.39624036616884],[146.7717926044732,-67.39582888197494],[146.7773562192982,-67.39899668611807],[146.78131244294076,-67.40245273890643],[146.78514315610735,-67.4063745789086],[146.79259633715938,-67.41161931580888],[146.79521877774582,-67.41549233154663],[146.79299074035686,-67.41680390804379],[146.78829013353817,-67.4195704085373],[146.7905104822445,-67.42154353408897],[146.7953094188593,-67.42121089480194],[146.79834595707942,-67.42305911453685],[146.7978832881317,-67.42620548667387],[146.7963865486332,-67.42810470115573],[146.79155584284936,-67.42916516931015],[146.78971171812128,-67.42956993656277],[146.78456121329998,-67.43335699010704],[146.77859193435106,-67.437261767202],[146.77502035146858,-67.44028325207141],[146.77867349767624,-67.44487666113389],[146.78392704108285,-67.44624452676513],[146.78014417895602,-67.45171857775401],[146.7839719823384,-67.4549623563981],[146.78788728718447,-67.45791084956258],[146.79980492807366,-67.46347875652029],[146.81086264760665,-67.46780721543072],[146.81034249493771,-67.47262872555713],[146.809639719874,-67.47686708384826],[146.808545366279,-67.48089322485193],[146.81238245275114,-67.48413659128613],[146.817610617418,-67.48660627955412],[146.81973485842988,-67.48819836307757],[146.81940773924336,-67.49157693674783],[146.81916936211022,-67.4939039022719],[146.81726615533535,-67.49511636519897],[146.81393580862886,-67.49723764553357],[146.81902510785898,-67.50140272679467],[146.82769807419442,-67.50499146967553],[146.8325540798434,-67.50938129073674],[146.8345000683868,-67.51056810340347],[146.8389260196237,-67.51431604339042],[146.83065232162522,-67.52011130383086],[146.825776050887,-67.52368022614459],[146.82203072740003,-67.52632925694874],[146.81820662722973,-67.52926457278753],[146.81500531155012,-67.53222466684163],[146.81383587114638,-67.53420432720188],[146.81018085981805,-67.53743581800369],[146.80891966123298,-67.5397495598509],[146.80784949106584,-67.54383201903649],[146.80335931907067,-67.54909086981709],[146.80222959758714,-67.5595127939985],[146.8153804751155,-67.56940466674178],[146.81010105702327,-67.57076748449978],[146.81120967181036,-67.57464977245633],[146.803604439239,-67.57764548785303],[146.7919968932548,-67.58059910014241],[146.78516915954145,-67.58198941371997],[146.78441604091617,-67.58337047868226],[146.7728493357534,-67.592327658914],[146.76647698661702,-67.60127329823182],[146.76070130627014,-67.60548996958042],[146.7527877098887,-67.61425784764465],[146.74326114324478,-67.61964916683586],[146.7392372370209,-67.62078367158011],[146.73354523638505,-67.62107329365622],[146.71882844206243,-67.63304231857528],[146.71317004664357,-67.63670302609063],[146.70889192568907,-67.64206921745387],[146.7068845165737,-67.64705572260827],[146.70138293537298,-67.65013344815831],[146.69217857532846,-67.65093994117657],[146.68425052406906,-67.65050117505237],[146.6832281731944,-67.64751335214591],[146.68560584143367,-67.64500396856863],[146.6884969360751,-67.64195190448532],[146.68940809829664,-67.63868894807612],[146.6848635204166,-67.63944768231981],[146.68145619417493,-67.64123518916593],[146.67652097271935,-67.64382360488194],[146.66526181596373,-67.64313069455187],[146.65695615528045,-67.64515008124862],[146.64675789900053,-67.64838845052357],[146.64097414485323,-67.65133496758885],[146.63564869479646,-67.65264990610673],[146.63802251678445,-67.64862146315693],[146.63788132130512,-67.64472613874418],[146.63324709314733,-67.64359394334426],[146.6286338012986,-67.64458403888902],[146.62678486694443,-67.64674790869906],[146.62087053639667,-67.64685951628698],[146.61489452282464,-67.64390374534025],[146.61498751754925,-67.64105140733555],[146.60634024640365,-67.64131337961062],[146.6007751725954,-67.64238144916442],[146.5928605672148,-67.64299909265584],[146.58728443376268,-67.64300545467493],[146.58563826907476,-67.64209912765304],[146.59161123490077,-67.63976511349998],[146.5894692581033,-67.63531567956521],[146.5700689543242,-67.63062584857347],[146.54892806050745,-67.6288080359006],[146.5171994935415,-67.62831457979429],[146.50052906518115,-67.63033048507494],[146.49551359011272,-67.63377550857598],[146.49319687724542,-67.63751732308144],[146.48491010889836,-67.63789799425031],[146.48312468863836,-67.6345938386667],[146.4772766379028,-67.63354160804056],[146.46864000917154,-67.63330633591983],[146.46919424082435,-67.62952117622095],[146.4613277921057,-67.62614205303007],[146.44635442614933,-67.62159370248867],[146.43272212188242,-67.61913492367432],[146.4184442539189,-67.6208089742344],[146.40669336938564,-67.61897873628902],[146.40707475669979,-67.61518741970885],[146.4109366555159,-67.61152096606888],[146.40865404368975,-67.60953666842249],[146.40123283188177,-67.6066632310492],[146.3950954253383,-67.60383556575047],[146.39512079545545,-67.60096397572482],[146.3851253377038,-67.60019403979179],[146.38229891885916,-67.60104950592478],[146.3790428188637,-67.60375057387016],[146.36673157348915,-67.60422197197975],[146.35740187790927,-67.60458900337211],[146.35121789603778,-67.60048926966843],[146.34185473905634,-67.59655563277589],[146.33409812275596,-67.59359587011768],[146.3244775291604,-67.59218843920682],[146.32751799460115,-67.59007240540645],[146.3169902772627,-67.58860623416159],[146.312552282034,-67.58219531833673],[146.29438253871126,-67.57820820381755],[146.28345599640932,-67.57558197534983],[146.27487067236564,-67.57745014634328],[146.27170335762298,-67.57978903862639],[146.2605715712174,-67.58065055924462],[146.25340757591658,-67.57899369935585],[146.2541028851248,-67.57666544975261],[146.2494682535428,-67.57563813123689],[146.24791738342626,-67.57462714881841],[146.25115076442717,-67.57254842590844],[146.25369888971744,-67.57181295801112],[146.24787461480906,-67.57128853871944],[146.23873708976677,-67.57021726934354],[146.2337479662313,-67.5672870934984],[146.23473692965976,-67.56424203051606],[146.23264374239244,-67.56169634503875],[146.23004361720953,-67.56050232029084],[146.2266431802423,-67.5607614825031],[146.22300222793928,-67.5609729835424],[146.21867476954725,-67.5601164113528],[146.21512125995903,-67.5580147034699],[146.21140875740906,-67.55692997040327],[146.20661071561977,-67.55574656022223],[146.20657442369222,-67.55352542940062],[146.20750809362156,-67.55126345124944],[146.20574576199928,-67.54986556356357],[146.20114539503288,-67.54988608287127],[146.19744752016663,-67.55052436025629],[146.19517448445848,-67.5509166346085],[146.19413173084135,-67.55060486730963],[146.19193974870763,-67.54994944007174],[146.19170440578634,-67.54987906804351],[146.19094901653853,-67.54751507823408],[146.19154726375362,-67.54707415815423],[146.1912690252484,-67.54503539355436]]]}},{"type":"Feature","properties":{"id":"A81","name":"Iceberg A81","latitude":-58.74066,"longitude":-49.94072,"length":"28 NM","width":"25 NM","areaSqKm":1341.79,"status":"Current","lastUpdate":"08/27/2026"},"geometry":{"type":"Polygon","coordinates":[[[-49.85833855283001,-58.57976531358598],[-49.85283684699283,-58.58367845186435],[-49.848362293006325,-58.585548943896065],[-49.8395926979756,-58.59164873829311],[-49.8364201576148,-58.593674202076436],[-49.834224095009134,-58.59574680320635],[-49.832815982745664,-58.59828594739505],[-49.827200154542616,-58.60204453485645],[-49.81961894108422,-58.60500328068655],[-49.81276276421898,-58.60853224830465],[-49.80814048088845,-58.61901811524735],[-49.799154142068424,-58.626079371179394],[-49.79148294789976,-58.63120298497454],[-49.78016579105786,-58.63594200402317],[-49.77278599478133,-58.63981050901216],[-49.766857350062104,-58.64482079138602],[-49.74828746060455,-58.65403310400798],[-49.71947935264796,-58.66512670645425],[-49.71533860081889,-58.66950269012447],[-49.71558437240337,-58.672921552371115],[-49.71360716037217,-58.68045430996926],[-49.69459667299638,-58.70065433923138],[-49.68859778884386,-58.70380362356002],[-49.68516843761322,-58.70642923800993],[-49.68285993354297,-58.70717430919361],[-49.67121090854907,-58.70770991200633],[-49.66125244144962,-58.707347629035326],[-49.650157712383084,-58.70863662955573],[-49.63958558902512,-58.708903686524614],[-49.626243014749065,-58.71033086395429],[-49.615385438609906,-58.71100858473302],[-49.604527367538566,-58.71168524223768],[-49.59596019911664,-58.712415952424806],[-49.5905224080215,-58.71354435676216],[-49.577924383991274,-58.71491917259739],[-49.56620792376285,-58.71683067531127],[-49.554104045321594,-58.72370448425311],[-49.54787543770131,-58.72804090613542],[-49.542000477941436,-58.73393590239464],[-49.535131891327985,-58.74048457895679],[-49.52702670961983,-58.7482945037363],[-49.5261043675054,-58.74926773639827],[-49.52312393220402,-58.755806226297395],[-49.51961074549149,-58.75855138664678],[-49.51558840948846,-58.76120120441921],[-49.51004595681097,-58.76358653448986],[-49.50372134295326,-58.767904377708085],[-49.49871196751923,-58.77097757409585],[-49.490655005195244,-58.77403918940661],[-49.486901679646024,-58.777627873146244],[-49.48210948481225,-58.78167505814882],[-49.47925106913538,-58.78445184065114],[-49.47711688665994,-58.78652471700199],[-49.47249624482854,-58.79471106250862],[-49.47321759729768,-58.79699852060664],[-49.55630608532901,-58.83123698647306],[-49.57614802668837,-58.8359352066696],[-49.6055414813098,-58.83486604164797],[-49.64475108522487,-58.85372321454547],[-49.700450387634156,-58.88615352193269],[-49.711140003213366,-58.89117564541753],[-49.73820053674824,-58.89283436931164],[-49.78549683491882,-58.893721508024726],[-49.874599759696494,-58.91228123781656],[-49.919470628325385,-58.918502305047944],[-49.958465513021494,-58.92070231431893],[-49.992176186509916,-58.9205453319374],[-50.01464210897138,-58.91690446988856],[-50.04083737244537,-58.906877553759216],[-50.064786501082274,-58.90279233034764],[-50.08159760715814,-58.904850021967675],[-50.09268445860404,-58.90489607889648],[-50.10819073162549,-58.894478621368705],[-50.10991532805725,-58.89316169002062],[-50.12760631555574,-58.893119843650965],[-50.148125777512675,-58.88878327777182],[-50.16648735944691,-58.88609023283721],[-50.175953824391414,-58.87884218645588],[-50.18457320949594,-58.87081871892303],[-50.24953127456093,-58.85557434405336],[-50.264764333188026,-58.83656125587524],[-50.27068250698762,-58.82916783486401],[-50.275982122277384,-58.82254399267331],[-50.27554991527347,-58.81957384619071],[-50.27630715130861,-58.818080739578114],[-50.276648582788866,-58.80390135375105],[-50.2802088753694,-58.796993457248654],[-50.28440864274405,-58.78924467507051],[-50.28448791568931,-58.78787501153697],[-50.28717598801455,-58.783965213851005],[-50.287164378342254,-58.779412907425865],[-50.28523011167441,-58.77479431461406],[-50.27677020415215,-58.76547554391801],[-50.26452197416315,-58.756217650648296],[-50.25522691463352,-58.74656004321798],[-50.25462447999276,-58.74196511582674],[-50.25745741046185,-58.73480857234722],[-50.261828050992314,-58.71997617695265],[-50.26663024146917,-58.70652155928392],[-50.2738569523994,-58.69883037872825],[-50.27416665299242,-58.694089659933326],[-50.270372422296056,-58.68687289425591],[-50.265301418937774,-58.68133715462261],[-50.26096836243707,-58.675266864988785],[-50.25928708777922,-58.667084045645666],[-50.2604938305374,-58.658496777311456],[-50.256313650761825,-58.651942916222026],[-50.24406724960042,-58.643140022461196],[-50.22927486718186,-58.6316750635528],[-50.21435443619831,-58.62388083321407],[-50.209002542289205,-58.61647839738533],[-50.19966610478995,-58.59926347276569],[-50.18832846793082,-58.59040220966388],[-50.16609892856724,-58.57597456266015],[-50.160140552611225,-58.57439536900959],[-50.15234503691354,-58.57195693127827],[-50.141932783096166,-58.568113141600435],[-50.136829416779065,-58.5643059736395],[-50.13317839597955,-58.56267622902986],[-50.1216871568379,-58.563188999164936],[-50.10928669926033,-58.560717095676864],[-50.07443417857524,-58.53876576918704],[-50.032807635901094,-58.522059539053025],[-50.00208857160242,-58.509687878940134],[-49.984877243799,-58.50739854827371],[-49.968467508184006,-58.50731303429285],[-49.939661816414706,-58.516737151629535],[-49.93403540628833,-58.51858408339523],[-49.91967486628817,-58.52642534220674],[-49.90742884410996,-58.537917971569385],[-49.89013466141632,-58.558190965469855],[-49.87849182844362,-58.56990614798966],[-49.87162637631607,-58.57515128122362],[-49.86122388183716,-58.57817099223712],[-49.85929753963611,-58.57893433102644],[-49.85833855283001,-58.57976531358598]]]}},{"type":"Feature","properties":{"id":"A76C","name":"Iceberg A76C","latitude":-53.73398,"longitude":-29.50136,"length":"16 NM","width":"7 NM","areaSqKm":291.21,"status":"Current","lastUpdate":"08/27/2026"},"geometry":{"type":"Polygon","coordinates":[[[-29.303874353142646,-53.729656059783444],[-29.308331779264904,-53.730306950930284],[-29.321323781414115,-53.73426580161845],[-29.32524933402152,-53.73617299453403],[-29.33021776705623,-53.737539131489186],[-29.338470990060173,-53.74220098534946],[-29.34475769031335,-53.74560077457849],[-29.347547145608697,-53.74807549056686],[-29.35099900717967,-53.75154367379509],[-29.35432766865314,-53.75527550306455],[-29.357189227431704,-53.756941067872916],[-29.373912625959473,-53.76324833383345],[-29.377472205116856,-53.76358073086571],[-29.38445573728335,-53.76689014067109],[-29.38918474630284,-53.76846409930046],[-29.405302560864865,-53.77009237632473],[-29.42104285220169,-53.77375795743496],[-29.441563215639672,-53.778488402203365],[-29.445206570461007,-53.7793129067345],[-29.453145982490177,-53.780386623853985],[-29.4626580302413,-53.78302367288532],[-29.467602812123832,-53.78332171621493],[-29.480538722855336,-53.78293821250114],[-29.48775172915141,-53.78371962049494],[-29.500872960045175,-53.78705563091113],[-29.52956007336052,-53.79281327165509],[-29.538519665103923,-53.793761342302865],[-29.554090116313734,-53.79493209110444],[-29.5600481238234,-53.796355156991545],[-29.56102736228656,-53.79668952915518],[-29.56191639865687,-53.79677607033122],[-29.581752927593048,-53.800409028984944],[-29.599887511955494,-53.801729205998086],[-29.6027900993944,-53.80180790920817],[-29.606182276892127,-53.801192121592514],[-29.63014642835869,-53.800203195070594],[-29.63188500270061,-53.80031063174393],[-29.6581330578744,-53.80192878335507],[-29.662440786035127,-53.80134024109232],[-29.66690826104652,-53.800729651726776],[-29.677006390087147,-53.79865345953572],[-29.67988237857677,-53.78960079443928],[-29.692977292687136,-53.77805592709541],[-29.699096160129958,-53.774611354407966],[-29.70108962237612,-53.77133738022936],[-29.704091315808014,-53.76586558547229],[-29.70923184731236,-53.751987931995245],[-29.709403410170072,-53.74533492486685],[-29.712066758110204,-53.741261968336964],[-29.714240591068183,-53.739324883437234],[-29.714650491070874,-53.73852679678959],[-29.713383244068236,-53.737988716513705],[-29.67075124372563,-53.728677806512046],[-29.65321622582715,-53.72515004886965],[-29.650700341051394,-53.723946461647905],[-29.648291801374516,-53.722394614578306],[-29.645883486946147,-53.720842721019075],[-29.644770118220016,-53.719936190993536],[-29.644433833286076,-53.71893759759721],[-29.644314456640835,-53.71788925275156],[-29.64456384173124,-53.717724010385645],[-29.647697809296837,-53.71703312912912],[-29.651142209606313,-53.71726389396621],[-29.653654308578925,-53.71752521606394],[-29.657642709053803,-53.71657290217327],[-29.657804042351305,-53.71640231982784],[-29.658834006658818,-53.71531323201383],[-29.655959571187736,-53.71397671391808],[-29.651220653441833,-53.71389964878887],[-29.64485932195131,-53.71406052874953],[-29.62738566401652,-53.711627821192685],[-29.611359308855825,-53.70728791165328],[-29.602290765123126,-53.7034519256567],[-29.597254796974305,-53.69999672376658],[-29.58557891014082,-53.69401245173301],[-29.574990791759628,-53.69126785054022],[-29.55688736710158,-53.68741051401591],[-29.549168618446096,-53.68632209251455],[-29.544034995849398,-53.68605213366027],[-29.535019090496977,-53.686112988654614],[-29.52215619832735,-53.68594367570646],[-29.518767445918275,-53.685898785614675],[-29.506521110936532,-53.68508827125455],[-29.502862101211527,-53.68331822829674],[-29.498010271381023,-53.68097068965702],[-29.484329974573445,-53.67645927248988],[-29.469436674928723,-53.672711562137785],[-29.45930499885599,-53.67065138173056],[-29.45155350687809,-53.66943518485404],[-29.433482291593283,-53.67066651892738],[-29.416315593968854,-53.66954503207328],[-29.399154791069257,-53.66779659096812],[-29.387421087210818,-53.66466872968437],[-29.380931271598246,-53.66280253908654],[-29.376301309888017,-53.660845405956266],[-29.36929989579794,-53.65739001815412],[-29.366632111464316,-53.657149970350424],[-29.36223747807418,-53.65811609248113],[-29.358527920254065,-53.660246122806136],[-29.345842791224964,-53.668440898035286],[-29.331538430720265,-53.67525642580291],[-29.31693295630434,-53.68045429087744],[-29.31596889143889,-53.682507461007994],[-29.311794270766452,-53.6866375838003],[-29.299785185088485,-53.694241904964905],[-29.296459534308635,-53.699519225736175],[-29.293646388790673,-53.70237799805047],[-29.291409445612818,-53.7036347737799],[-29.289961718769412,-53.70522260342914],[-29.29369633104243,-53.707268917296005],[-29.29900647320231,-53.70831310362746],[-29.307216046908696,-53.71210554766607],[-29.310259079465208,-53.713029639553405],[-29.31053265030967,-53.71592580074579],[-29.30721221878107,-53.71807361361647],[-29.30580436775645,-53.72099536988214],[-29.303448508714816,-53.72483697167578],[-29.30284839477378,-53.72695608244317],[-29.303874353142646,-53.729656059783444]]]}},{"type":"Feature","properties":{"id":"C39","name":"Iceberg C39","latitude":-65.89835,"longitude":56.655,"length":"8 NM","width":"3 NM","areaSqKm":52.13,"status":"Current","lastUpdate":"08/27/2026"},"geometry":{"type":"Polygon","coordinates":[[[56.70457153971544,-65.8953355621275],[56.71173132400602,-65.90258806299717],[56.72045821162425,-65.90603979810865],[56.726630271022074,-65.9083021143667],[56.72874560722107,-65.90958284539772],[56.731571220027476,-65.91129334581564],[56.736101720634544,-65.91576500707508],[56.738331134076816,-65.91917875738307],[56.73830983397328,-65.92440846813622],[56.740825250312895,-65.9295364207366],[56.74178812740303,-65.93300121866315],[56.73810223925082,-65.94109751207573],[56.736870071154755,-65.9458996715516],[56.73392150391667,-65.94634976084912],[56.72857301792208,-65.94702280625357],[56.72087070878006,-65.94871603528969],[56.71782234517598,-65.949048076139],[56.70404451822342,-65.94874814682136],[56.690348323577105,-65.94735668914885],[56.679073488490666,-65.9450775627271],[56.66930647224267,-65.94552260890407],[56.662128089174054,-65.94709085313855],[56.64409409906188,-65.94511628629847],[56.64089880532871,-65.94433077920452],[56.63878146925512,-65.94230375831053],[56.635620935051726,-65.94147542254785],[56.63509319281632,-65.9410704154028],[56.62934287268569,-65.93822329248704],[56.624940092725616,-65.93531468256869],[56.62390011883946,-65.93394481182553],[56.62143431447359,-65.93069615204924],[56.62011211211155,-65.92732007892549],[56.6193703310392,-65.92342675613948],[56.61822112899526,-65.91944438996178],[56.6179069768602,-65.91835551928206],[56.613218142042825,-65.91320205016702],[56.61050136773521,-65.91175485627309],[56.605871584006145,-65.91062007853215],[56.60509542824992,-65.9104298167867],[56.602388234293315,-65.90783679208401],[56.6027572057196,-65.904776860976],[56.60416283249941,-65.90170258150083],[56.60433181710398,-65.90048627167995],[56.59770538997272,-65.88747393429941],[56.596759321628525,-65.88664863319529],[56.58054305014987,-65.87568247690037],[56.57044194514025,-65.86877863174594],[56.570294682028894,-65.86790695217206],[56.5696412405839,-65.86403839281745],[56.57117288677375,-65.8599451135836],[56.57020339215342,-65.85694654184661],[56.56984552826908,-65.85623256884935],[56.571645173660734,-65.8544518513207],[56.57399986807648,-65.85120877443195],[56.575004364063574,-65.85121203961147],[56.579972029353605,-65.85117454423651],[56.58758726828899,-65.84936078485184],[56.59381600760831,-65.8470783612642],[56.60070500902708,-65.84435159759234],[56.60753380124374,-65.84246301818038],[56.61726182446285,-65.83996711692001],[56.61872037956006,-65.8399864848197],[56.62315538552055,-65.84102715156719],[56.624661661753734,-65.8419584150199],[56.62872407978221,-65.84446961625851],[56.63350994761003,-65.84474150176209],[56.637418550939124,-65.84443175955067],[56.6447579033763,-65.84475569915945],[56.64760391936602,-65.84488120849575],[56.65005088498988,-65.84565238072253],[56.65064280304915,-65.84630351767169],[56.651992548296,-65.84778816420281],[56.65305661919057,-65.84934255543072],[56.654385353506925,-65.85157191806611],[56.65781991117021,-65.85288381087949],[56.659937160251474,-65.85530598942296],[56.65976497051175,-65.85751227128289],[56.66061625271988,-65.85957257323354],[56.66381054508279,-65.86139937547702],[56.66805991059074,-65.86253857847157],[56.670663566233934,-65.86424824923749],[56.68119080417624,-65.87140672217647],[56.68211586605189,-65.8741282342475],[56.6857492797367,-65.87579176146431],[56.68885902045641,-65.87645569899445],[56.68895342218888,-65.87643926567543],[56.69489428086175,-65.87955284798188],[56.69427206426724,-65.88154289116501],[56.695299461522374,-65.88381900788386],[56.70116884560842,-65.88874860187148],[56.70457153971544,-65.8953355621275]]]}},{"type":"Feature","properties":{"id":"D32","name":"Iceberg D32","latitude":-58.16851,"longitude":-37.09585,"length":"9 NM","width":"6 NM","areaSqKm":106.39,"status":"Current","lastUpdate":"08/27/2026"},"geometry":{"type":"Polygon","coordinates":[[[-37.086389916047814,-58.12833521177813],[-37.086345118652055,-58.128340485285854],[-37.082435647914224,-58.128040227810594],[-37.077463192979266,-58.12831402723664],[-37.07288485884889,-58.12887924402884],[-37.06948362733474,-58.12951754701412],[-37.06638849885199,-58.13063621738995],[-37.065141480025375,-58.13133702900254],[-37.06228931318622,-58.132316711910676],[-37.054485115129246,-58.136076144061725],[-37.048616316083944,-58.13804502656425],[-37.045484906009285,-58.1385800497015],[-37.03614621212011,-58.13900370650712],[-37.02816880083117,-58.14172158737761],[-37.02613135764903,-58.14443224708219],[-37.02132641542129,-58.146875169140074],[-37.02000294283548,-58.14724851495969],[-37.017266242617765,-58.14906082645186],[-37.0153820040108,-58.150497189147515],[-37.01374409323853,-58.15124459654832],[-37.01122614349808,-58.15079515915377],[-37.010154941044746,-58.1506550695912],[-37.007265304894624,-58.15083802977015],[-37.004095728599914,-58.15226641356371],[-36.99928740120218,-58.15444191398846],[-36.991503700734874,-58.158389543973335],[-36.991262255467895,-58.15857211963749],[-36.98698589726974,-58.16125159426978],[-36.9798739014881,-58.161701163913605],[-36.97228688098426,-58.16073130646004],[-36.969283772492034,-58.1608655061546],[-36.96736741088429,-58.16160225398907],[-36.9649845122176,-58.16267517550646],[-36.96496079071633,-58.16268586029145],[-36.96394463648463,-58.16434416030292],[-36.96531755787893,-58.165559594643724],[-36.9674166425696,-58.167247990438455],[-36.970917241732664,-58.17006319132183],[-36.971023520121335,-58.17033698034176],[-36.973774156050126,-58.171176289819634],[-36.975993696513335,-58.17274956628583],[-36.97494861778617,-58.17513738302085],[-36.973326987012186,-58.17788840379279],[-36.973084572169746,-58.178299605881634],[-36.97394831948272,-58.18017617022722],[-36.97728880168675,-58.18534289465516],[-36.982255964846786,-58.190441908120604],[-36.985766911942875,-58.1928251630279],[-36.98634292817311,-58.193233050158675],[-36.98798865970441,-58.194398357343744],[-36.98919300907046,-58.19619909051848],[-36.98956020462801,-58.19865178777266],[-36.98983208363346,-58.19899068927454],[-36.990853414358064,-58.20026373953824],[-36.99522186266917,-58.20211746044864],[-37.00042108808523,-58.20171499127178],[-37.00299009791163,-58.20158877836719],[-37.00805625381227,-58.20223410511763],[-37.013270761962524,-58.203400384443356],[-37.01755770116119,-58.20476479105956],[-37.01890572565506,-58.20532017760801],[-37.02673649414238,-58.20647297770303],[-37.027848965781615,-58.206913325607914],[-37.02852949988961,-58.20750825159662],[-37.031130878303436,-58.20924995837116],[-37.03304966434959,-58.21034159430788],[-37.034378212012975,-58.21045858665669],[-37.03441471242683,-58.21048330368536],[-37.04975157481839,-58.21283920478101],[-37.05677252704121,-58.213785238391935],[-37.06214987818113,-58.21441189340093],[-37.068492746615036,-58.2153012449541],[-37.07240702585517,-58.21617384519194],[-37.0732291399324,-58.21633323226043],[-37.07363858889997,-58.21658504028576],[-37.074629769499374,-58.21771547801125],[-37.078730413443964,-58.21852855108804],[-37.083623924246226,-58.21764142255117],[-37.09128109777792,-58.21571049389014],[-37.09467277060141,-58.214948612883084],[-37.10011791441086,-58.213852016604626],[-37.104727443370365,-58.21340804022684],[-37.110982151326155,-58.21301682524423],[-37.11589270184183,-58.212250890608956],[-37.119340054838325,-58.21185611388504],[-37.12241045230505,-58.21129227163434],[-37.12644789139885,-58.21093363397226],[-37.12898458588223,-58.2107011242415],[-37.1325003811823,-58.20999439311061],[-37.13576473948545,-58.20917494349601],[-37.13743357636784,-58.20786870876024],[-37.13842898484092,-58.206383128519434],[-37.13887410396333,-58.20617600815317],[-37.14039879018151,-58.205001938844944],[-37.14322752198194,-58.2023871445103],[-37.14517628272753,-58.19981956390844],[-37.14662184812369,-58.19809996760334],[-37.15004170755903,-58.195101401843694],[-37.15280566695779,-58.19331082001761],[-37.15752509948876,-58.19129756732959],[-37.162243895998145,-58.18928414099504],[-37.168370490231354,-58.18766362933045],[-37.17317789677087,-58.186114022135705],[-37.17813708536504,-58.18420414180022],[-37.18362513048395,-58.182734507844856],[-37.18623806730075,-58.18136191998106],[-37.18946395360054,-58.18018666988603],[-37.19305346509919,-58.17848724646691],[-37.19376155931643,-58.17782588318459],[-37.19478621514129,-58.17686879595221],[-37.200295089983236,-58.17503590165118],[-37.200337697457584,-58.17502172478801],[-37.20222351525239,-58.17438385284748],[-37.20479639976515,-58.17291362649486],[-37.207379291731385,-58.170764068682466],[-37.20819312896842,-58.168506824437955],[-37.20965756456059,-58.16220994901286],[-37.21104116221816,-58.15986607735152],[-37.21177643273301,-58.158599673169185],[-37.214715053715565,-58.15649612690297],[-37.21646463382846,-58.155000067922316],[-37.216678898847725,-58.15190530051252],[-37.216390137720715,-58.150066782053365],[-37.21625623636883,-58.14772783880013],[-37.21213734926119,-58.14007216844518],[-37.21379284252609,-58.13352081316002],[-37.212519989001045,-58.13135545522423],[-37.21047430534065,-58.130211208992115],[-37.175553992895004,-58.12766541504525],[-37.16318327853081,-58.12610577772039],[-37.15976115562202,-58.12434185038053],[-37.1517329906747,-58.12370291326239],[-37.14326806463154,-58.12400767111743],[-37.13538677935076,-58.12582884878851],[-37.13134188058767,-58.12606510303094],[-37.1252170732941,-58.124910243137144],[-37.12141605706254,-58.12445702906405],[-37.11586248293919,-58.125497917190486],[-37.11340809602641,-58.12622031162122],[-37.10952582705822,-58.12675720208148],[-37.107747477535455,-58.12732705822839],[-37.10357153023951,-58.12869449451287],[-37.10129945804496,-58.12869870622732],[-37.09232813618456,-58.1283249094561],[-37.086389916047814,-58.12833521177813]]]}},{"type":"Feature","properties":{"id":"D33A","name":"Iceberg D33A","latitude":-64.03719,"longitude":-55.89056,"length":"19NM","width":"10 NM","areaSqKm":446.04,"status":"Current","lastUpdate":"08/27/2026"},"geometry":{"type":"Polygon","coordinates":[[[-55.52727220353561,-64.03344710969658],[-55.52408186034812,-64.03749103365014],[-55.52345075071529,-64.04414482141127],[-55.5248339803495,-64.04737928689264],[-55.52284269885916,-64.05055232846243],[-55.50163011415666,-64.05436098832956],[-55.50249567488747,-64.05709258277582],[-55.50762734436874,-64.06237131892851],[-55.51114318181641,-64.06687969572423],[-55.51262012543145,-64.06912872732406],[-55.51876505275434,-64.0697347417787],[-55.52181460968364,-64.07324682196293],[-55.523551611149564,-64.07871016118784],[-55.523059863614144,-64.08388613904755],[-55.5226850558875,-64.08782980793926],[-55.52529100526047,-64.09009938177056],[-55.53001335037518,-64.09082308447512],[-55.53019772168251,-64.09075017741196],[-55.540038263336804,-64.08975442648364],[-55.5474641969197,-64.09002280179263],[-55.55616248588662,-64.08986465781001],[-55.563859137373015,-64.08891503243827],[-55.5689069580044,-64.08726849454594],[-55.577143804895016,-64.0866614307655],[-55.57776843927636,-64.08670443169771],[-55.58057754628049,-64.08705681378775],[-55.583535316070765,-64.08691775389238],[-55.586589737789325,-64.08619803900723],[-55.58798236933391,-64.08586178990241],[-55.590967194167455,-64.08514103097797],[-55.59466043093163,-64.08458740844685],[-55.59942451211609,-64.08400936762986],[-55.60386421747158,-64.08417961203301],[-55.60678559434637,-64.0844722940054],[-55.60812803088149,-64.08460676414782],[-55.612775616509005,-64.08513348092767],[-55.617157667198065,-64.0851032499675],[-55.617315545259224,-64.0851021625132],[-55.61973336204334,-64.0845950215718],[-55.623349966781845,-64.08409655389796],[-55.63013665002994,-64.08661623069322],[-55.63865513137604,-64.08875234604596],[-55.64130265426596,-64.09049903372905],[-55.64438646621231,-64.09243447603177],[-55.64720597800099,-64.09354444865036],[-55.64945287286534,-64.09367336876558],[-55.65303612254768,-64.09460290895434],[-55.653685041526685,-64.09552790178037],[-55.65206753640681,-64.09684872982649],[-55.653560342395494,-64.0979169320985],[-55.654014516341924,-64.09962375071524],[-55.656487689103635,-64.1036701068928],[-55.65514513250894,-64.1045327084002],[-55.65433841076558,-64.10538291779874],[-55.65560407238751,-64.10661909325329],[-55.660820459975874,-64.10940891657125],[-55.66400308778929,-64.11076334237708],[-55.66638440084515,-64.11130470440365],[-55.668941339284586,-64.11158885035124],[-55.672233585869776,-64.11145814283815],[-55.67504194549322,-64.11142899963953],[-55.676783067914485,-64.11180428838482],[-55.68183629523448,-64.11356673272635],[-55.68233996477847,-64.11498319604779],[-55.68368835286094,-64.11654267494757],[-55.684657687823055,-64.11730363778531],[-55.684694766163545,-64.11733274441339],[-55.687299764524205,-64.11732617645647],[-55.69130416449087,-64.11692526442563],[-55.6937758386543,-64.11650586862072],[-55.69453731600744,-64.11637753870056],[-55.697139277684315,-64.11593898485367],[-55.699325708029484,-64.11521882321145],[-55.70205336965724,-64.11486557890088],[-55.705678010311516,-64.1147443132221],[-55.70880070014805,-64.11524944063302],[-55.71006417879724,-64.11610560042863],[-55.71089627854099,-64.11715269571175],[-55.71141539723048,-64.11748438631692],[-55.72227938912674,-64.11748573127716],[-55.723769496915324,-64.117228794072],[-55.72598990230925,-64.1171220682343],[-55.729667163745006,-64.11708929678278],[-55.7314037917845,-64.11708432955399],[-55.734265153358805,-64.1171430719638],[-55.73805887159717,-64.11804745121941],[-55.7389504695163,-64.11956307024965],[-55.738688136852595,-64.12078065453437],[-55.73969645607497,-64.12157031227324],[-55.759110797558826,-64.12794226940353],[-55.76076152648177,-64.12889727262849],[-55.76285601552058,-64.13042023786448],[-55.768595461590905,-64.13184166029404],[-55.77024577399177,-64.13225030104631],[-55.77346035214082,-64.13345697954558],[-55.77502353021554,-64.13370876151009],[-55.77821289512803,-64.13339709138174],[-55.78112575709286,-64.13290429578339],[-55.78157668200885,-64.13282800164068],[-55.789445778086886,-64.13122807209255],[-55.797909641328516,-64.13008339529716],[-55.8061941020838,-64.1275321340439],[-55.81177044486247,-64.12647461264007],[-55.818061868312626,-64.12680981380494],[-55.82197430652101,-64.1269857387101],[-55.82451177422715,-64.1274120812183],[-55.82889943665646,-64.12838990321879],[-55.832361708284274,-64.12928054806352],[-55.832854224195394,-64.1291414999382],[-55.83544014127369,-64.12969464570233],[-55.839262168668604,-64.13045091965766],[-55.84096960756017,-64.1302101656549],[-55.84565364417267,-64.12929962009386],[-55.8530718522942,-64.12841205588572],[-55.85767957627447,-64.12755719273363],[-55.86357840485462,-64.12612781130075],[-55.86866090723915,-64.1247906806604],[-55.873516427108285,-64.12362171158703],[-55.87858330952059,-64.12280896662136],[-55.88141518705438,-64.12263017951035],[-55.88408810307294,-64.12218404309303],[-55.887227986030666,-64.12087635214296],[-55.889439911809234,-64.12038732186271],[-55.8930256994532,-64.11964702901267],[-55.89662547494195,-64.11838188699227],[-55.898384552547846,-64.11822948529449],[-55.902340954531255,-64.11811256688698],[-55.907090255623345,-64.11804801559902],[-55.91103817555473,-64.11755130984437],[-55.922341423798535,-64.11479016265166],[-55.93541356905155,-64.11353848162462],[-55.940817461419634,-64.1131125749375],[-55.94442281125916,-64.11222567074044],[-55.9474167101406,-64.11140841398114],[-55.95416557027395,-64.10959161553961],[-55.9744563551994,-64.10513249091238],[-55.978209735925695,-64.10413234446956],[-55.98194091501058,-64.10327732055306],[-55.98672136937513,-64.10253993124155],[-55.99051495214986,-64.10215321506477],[-55.99484409730344,-64.10175261610551],[-55.99729944124961,-64.10094802851584],[-56.00180249447806,-64.09938539052251],[-56.011125264204836,-64.0976980980526],[-56.01548499810043,-64.09753108351555],[-56.02907779236463,-64.09716048999107],[-56.03720776641938,-64.09675005214841],[-56.04661205404659,-64.09628773714913],[-56.05171034316233,-64.09608213101022],[-56.05656212602932,-64.09619020806605],[-56.07159778427879,-64.0909850793235],[-56.07545187486813,-64.08925603644765],[-56.07997961963629,-64.08702084471278],[-56.08424955670012,-64.08471997246369],[-56.08828392136616,-64.08311237066103],[-56.09129089355672,-64.08214668926288],[-56.095303174555,-64.0806841186831],[-56.098436783909015,-64.07884689557467],[-56.10248903903514,-64.07618952539305],[-56.10716002689903,-64.07293690644872],[-56.112537199659805,-64.07031630651379],[-56.12886296692043,-64.0656667525086],[-56.15721554518684,-64.0611429629569],[-56.16441159368837,-64.06064103087077],[-56.16827071277375,-64.06019296320413],[-56.17448856184142,-64.05628107812117],[-56.1796147144043,-64.0525432485109],[-56.18171962592987,-64.0522509298547],[-56.18774840485669,-64.05197831000747],[-56.190814351061206,-64.05147882157868],[-56.1988886088947,-64.04992020092568],[-56.2098832795914,-64.04887778311776],[-56.21233949964064,-64.04844873699895],[-56.21491862706826,-64.04714825583864],[-56.21687278956462,-64.0454408197202],[-56.21905102149119,-64.04503413168482],[-56.22150233011465,-64.04528552542214],[-56.230789043440225,-64.04501161651463],[-56.236660437885014,-64.04394533811572],[-56.23935932964358,-64.04320163707565],[-56.23540480605831,-64.04009203408027],[-56.23173354592183,-64.03923497508751],[-56.222869433460126,-64.03841237886506],[-56.21934774762032,-64.03744237951513],[-56.22206768001574,-64.0299355048294],[-56.22085189427752,-64.02345933959633],[-56.226986175023384,-64.01103089562912],[-56.21600168905644,-64.00740989253202],[-56.21338997485625,-64.00614372755561],[-56.21114811975493,-64.00602452585557],[-56.20900878779048,-64.00517924828324],[-56.20645919492799,-64.00347733981334],[-56.20438952624561,-64.00167183967021],[-56.201207316796555,-63.99928209494574],[-56.20001522002156,-63.997850280371274],[-56.197484518393054,-63.99743142438231],[-56.19647164886459,-63.99754954559859],[-56.193689354070564,-63.99796917358887],[-56.19148951505117,-63.997559235787655],[-56.19029004583855,-63.996651870301214],[-56.19029347516004,-63.99522349206435],[-56.1901767461277,-63.993237943996725],[-56.18835734901698,-63.99202209100971],[-56.184529055689055,-63.989993252331224],[-56.17685775196916,-63.986984291292494],[-56.16913459128894,-63.98388598383963],[-56.16174032075729,-63.97989257210384],[-56.157826107771314,-63.97663620597851],[-56.15081347113659,-63.970932810158764],[-56.13289406369833,-63.953936550445455],[-56.12079426414471,-63.94406745954104],[-56.11996979099624,-63.941974870728835],[-56.11326693094719,-63.938377051589605],[-56.10834168246027,-63.93395428289388],[-56.10711589064247,-63.932812288686016],[-56.10504938274639,-63.93153009959431],[-56.10177173325991,-63.93129234055046],[-56.09161033358403,-63.93147289679957],[-56.08657778597715,-63.931914022815455],[-56.08075825884399,-63.93320719164266],[-56.07523598384947,-63.93427534417284],[-56.070383273259964,-63.933933925747546],[-56.0648283141224,-63.93296026269898],[-56.05995480414615,-63.93185997124106],[-56.05725219325732,-63.931316770665646],[-56.05377285226405,-63.93110120338597],[-56.031828467814634,-63.93435183662756],[-56.027729621858875,-63.935633685500626],[-56.02695593094889,-63.93592685440799],[-56.023938760009905,-63.937070011512944],[-56.02075426531888,-63.93843620509606],[-56.01654641996259,-63.940443419746174],[-56.01013601915351,-63.941658353572365],[-56.00572856243833,-63.94188123873891],[-55.99938894000922,-63.9415043731278],[-55.99620287082475,-63.941314852054006],[-55.991682388583186,-63.9400763642134],[-55.988797128759465,-63.940313548021535],[-55.98655947429132,-63.941094181309545],[-55.98481049518144,-63.942151324506625],[-55.98165441316948,-63.94375071334311],[-55.980831833591154,-63.944194015142074],[-55.97862558751818,-63.945382894869084],[-55.975319262851336,-63.947094433375284],[-55.97147077103952,-63.948440298736465],[-55.969126045104524,-63.9490426534626],[-55.96506884398209,-63.94912863575987],[-55.95920967848893,-63.9491807967042],[-55.94667904722595,-63.94929146863567],[-55.94186484953615,-63.94955866442196],[-55.93122393568826,-63.95020856386061],[-55.92890014949071,-63.950665066430616],[-55.924560293386065,-63.95173279740812],[-55.921861951939796,-63.95246972718468],[-55.92186140463087,-63.952469941210005],[-55.918969452782186,-63.95360907498103],[-55.91495347179254,-63.955589937553086],[-55.91115318709741,-63.95702308959534],[-55.90747177463863,-63.958109774273716],[-55.904517010205566,-63.95878050030803],[-55.901734175926066,-63.95919383857896],[-55.89493665851406,-63.959400655742144],[-55.89127356254461,-63.959875219171344],[-55.886510432579584,-63.96114846664731],[-55.88547495132304,-63.96121827438916],[-55.88485499135711,-63.96155062250012],[-55.88241758794589,-63.96273196585666],[-55.880279900137985,-63.96368892713558],[-55.87859199977468,-63.96430934086491],[-55.87609357835601,-63.96502222886534],[-55.872634516089036,-63.965939712421196],[-55.87019611105479,-63.96712084638759],[-55.86882329382411,-63.9682754396478],[-55.86679045935689,-63.9706933678269],[-55.860200820580935,-63.97510385340767],[-55.856574682561615,-63.97665755655482],[-55.84743630728756,-63.97950403074806],[-55.83225742978513,-63.98275146401311],[-55.82292511581751,-63.9837862745863],[-55.815093759222016,-63.98465407609185],[-55.80179107990996,-63.98521351650971],[-55.79161903659791,-63.98612937479328],[-55.78503411142322,-63.987162698870065],[-55.78018205994043,-63.98759745442885],[-55.77191003321365,-63.98859448625429],[-55.76742834552238,-63.98749113358349],[-55.76408822628143,-63.98677638394832],[-55.760777482823045,-63.98629577009187],[-55.75879474458857,-63.98623496649656],[-55.75562379589418,-63.98654598849547],[-55.749222990369944,-63.98809978833814],[-55.744638198532016,-63.98921244608996],[-55.734989853394936,-63.99139432735157],[-55.70695948568969,-64.00044390797682],[-55.702299667822594,-64.00172841361616],[-55.6984230802607,-64.00268711206644],[-55.69482478748741,-64.00356686463977],[-55.69079151379377,-64.00425794687068],[-55.6855678697008,-64.00532014677029],[-55.67825565986479,-64.00614183801443],[-55.677502405857346,-64.00619817879121],[-55.67193027663681,-64.0066148182165],[-55.66852420207363,-64.00671229662532],[-55.6638236507953,-64.00700244289465],[-55.66006313674183,-64.00723443893222],[-55.65673709191121,-64.00765501648543],[-55.65128263713795,-64.00881773817122],[-55.637116187741775,-64.00999402730545],[-55.63318114455329,-64.01052629513785],[-55.61891198802714,-64.01127406289493],[-55.615025555211616,-64.01265100901134],[-55.6146042561154,-64.01280026105795],[-55.60489136855192,-64.01564233041837],[-55.59639019693366,-64.02038965845082],[-55.59428847353982,-64.02143130628507],[-55.594016548720035,-64.02226873274316],[-55.59433055947374,-64.0231832068571],[-55.5933932643151,-64.02362012183676],[-55.58925054754708,-64.02412976108133],[-55.58162711892613,-64.02508035874001],[-55.5804972097666,-64.02594393681495],[-55.562349245782585,-64.02840125335891],[-55.54129677606404,-64.03036773368987],[-55.540444466222226,-64.03070265771765],[-55.53770478178735,-64.03195636229526],[-55.533917644255446,-64.0327092723073],[-55.52727220353561,-64.03344710969658]]]}},{"type":"Feature","properties":{"id":"D33B","name":"Iceberg D33B","latitude":-59.81483,"longitude":-49.93812,"length":"21 NM","width":"12 NM","areaSqKm":320.68,"status":"Current","lastUpdate":"08/27/2026"},"geometry":{"type":"Polygon","coordinates":[[[-49.81802750115284,-59.82973728058979],[-49.817114519489095,-59.83023583465852],[-49.81277003901926,-59.832607912384915],[-49.810877464427534,-59.83358416116338],[-49.81111793876226,-59.83446744625883],[-49.809917576161254,-59.835363509821924],[-49.805496515407214,-59.8391710555707],[-49.804900962775676,-59.840732648730985],[-49.80548625060564,-59.84529787350148],[-49.80625840751742,-59.85145058952146],[-49.80081959451973,-59.859983235869834],[-49.798359435164414,-59.86384120662446],[-49.78924137281896,-59.87045920058177],[-49.783797513253575,-59.87601217684707],[-49.78074763801386,-59.878283581396005],[-49.77127683844517,-59.88152838349016],[-49.7607645993809,-59.88968041562895],[-49.75562302275993,-59.8928703855209],[-49.7506881832725,-59.89448541590706],[-49.741625434708595,-59.8945784711548],[-49.73760347089519,-59.89523490119958],[-49.73587964958415,-59.89581383001304],[-49.73224931382571,-59.89703289036212],[-49.72880131589648,-59.899289995683716],[-49.72948027008822,-59.903069437888746],[-49.730817853791315,-59.90654898249366],[-49.73094326812218,-59.906875186686726],[-49.73167494230102,-59.91026103438592],[-49.7304206003474,-59.91081222352781],[-49.72550744461486,-59.912229437109694],[-49.71884128784807,-59.91390884705229],[-49.718581270702174,-59.91397434172619],[-49.712280749955525,-59.91692634318424],[-49.7090631445529,-59.9203773912586],[-49.70785813124642,-59.92350072176639],[-49.707200446564464,-59.92842226587685],[-49.70774569089579,-59.93318666887139],[-49.70852559483666,-59.939145613881266],[-49.707058960265776,-59.94127161930794],[-49.70546042397443,-59.94438200970304],[-49.70742014331568,-59.94741445956887],[-49.71019161751917,-59.95027643628144],[-49.7141675963924,-59.95298105256199],[-49.71626019562002,-59.9550290196059],[-49.721231563804125,-59.95915122626023],[-49.72395309197003,-59.96240681029595],[-49.72578544414101,-59.96345704531094],[-49.733037495414685,-59.965281774071464],[-49.739609454814044,-59.96629223919525],[-49.745500686232944,-59.9664885516356],[-49.7709184195558,-59.96219007328959],[-49.82121764055919,-59.94841830664035],[-49.833212621366684,-59.94406360320949],[-49.83529154405427,-59.940176590028614],[-49.834684825855504,-59.93877273611426],[-49.83412024067528,-59.937905501759495],[-49.8333697494331,-59.93675263998408],[-49.83315556812939,-59.935361572431084],[-49.84193001519074,-59.9324172334069],[-49.84168405103533,-59.93152006762757],[-49.84156687984899,-59.93139359084533],[-49.87842501040587,-59.91408990490801],[-49.88517513085401,-59.910550708227625],[-49.888637251472446,-59.90809187593647],[-49.896668534765645,-59.900639622362746],[-49.89646266995179,-59.897333355145335],[-49.89640953465753,-59.896480036915136],[-49.894508391716926,-59.89286092028464],[-49.89373301314844,-59.88967326683675],[-49.89640842465962,-59.88718930722751],[-49.89910187306504,-59.885570445149675],[-49.90109178666548,-59.88437427973465],[-49.91150630594076,-59.87976560048883],[-49.92025192417306,-59.87589364548184],[-49.93178547523055,-59.871714418596795],[-49.94035327353615,-59.86921908860123],[-49.94446550812762,-59.867768133747816],[-49.9486265358219,-59.865923318329635],[-49.95680104008343,-59.86025233871281],[-49.96039811677505,-59.85661075794695],[-49.9630647054884,-59.854125606361],[-49.967198111202734,-59.852477079868706],[-49.97252929947777,-59.85066844040517],[-49.97509665227649,-59.84897047916473],[-49.975340740597034,-59.847001960910625],[-49.975533745293596,-59.84544523386009],[-49.97633419455372,-59.8449659816737],[-49.97675903411741,-59.8447436317366],[-49.98074351442806,-59.84460243720595],[-49.98404350200051,-59.84332253983998],[-49.98802825886228,-59.84285442964932],[-49.992868082200026,-59.84182007373873],[-49.9977075566925,-59.84078551512441],[-50.00217976090016,-59.83954171942555],[-50.004671780415215,-59.83843372735655],[-50.00760307398887,-59.83694415413681],[-50.01099761532073,-59.83487613007843],[-50.01666563067922,-59.833471418421766],[-50.018669127733055,-59.83313839683189],[-50.02306704292607,-59.83248436617159],[-50.02585248444883,-59.83217544970587],[-50.02949203837145,-59.831300107466944],[-50.032860344155665,-59.82942833260604],[-50.03544623119355,-59.82753233062087],[-50.040840357633485,-59.82513016705563],[-50.044063693231,-59.82443917792558],[-50.047191290840814,-59.82453548231093],[-50.05515343564631,-59.823594783075926],[-50.058032971044916,-59.82249770632492],[-50.06144599597602,-59.820231472966306],[-50.06492979587408,-59.817374627293844],[-50.06880372455159,-59.81452967405166],[-50.07187160039487,-59.81185756870063],[-50.07535335278658,-59.8090005141183],[-50.07922513477644,-59.80615531158513],[-50.08415005065775,-59.80432991075551],[-50.087784314486306,-59.8034528163516],[-50.09178546354635,-59.80278432802496],[-50.098591685855006,-59.801608205407504],[-50.10346761283592,-59.80017567614644],[-50.1097963301434,-59.796416382275815],[-50.11249135293245,-59.79353475621881],[-50.1121788218825,-59.789574543246005],[-50.11208698782954,-59.7888571806598],[-50.11214630377582,-59.78877294276423],[-50.112645295467054,-59.788064306818036],[-50.11291436807563,-59.78480977716288],[-50.11384832791146,-59.78222646927501],[-50.114260994096604,-59.77941544402078],[-50.114963730926576,-59.77884578499897],[-50.11476496840938,-59.77713030651876],[-50.1233723128797,-59.77450528833949],[-50.12902301128412,-59.77309537136155],[-50.13391587822984,-59.77146490454934],[-50.138970786223126,-59.76845652889567],[-50.142050486916816,-59.765586284593134],[-50.14958334837729,-59.76146685549956],[-50.15564612587869,-59.756513156339786],[-50.15902824765077,-59.75225147903628],[-50.15919122529728,-59.75217093372216],[-50.16076780362931,-59.750784598869686],[-50.162714227824125,-59.74792276562808],[-50.16531645022597,-59.74396159250791],[-50.16576449754025,-59.74175140780324],[-50.16674247882785,-59.73958187623304],[-50.16829577347455,-59.73658058132409],[-50.16784452910955,-59.73375414087703],[-50.167001670945396,-59.730788224538394],[-50.16744937779916,-59.7285781719775],[-50.16782708267129,-59.725158502364444],[-50.16875711535493,-59.72134333012804],[-50.16679758320199,-59.71812772500553],[-50.163513916533425,-59.713551525799794],[-50.166757728417515,-59.70996883307846],[-50.165870191732374,-59.70787551863226],[-50.16377385268337,-59.70475893438428],[-50.15964115700227,-59.70121226974105],[-50.154959346591276,-59.69780887357275],[-50.149141919220526,-59.697342642656686],[-50.14689230081036,-59.698590333136146],[-50.14319901185659,-59.69934618278247],[-50.13815965370211,-59.699177227472305],[-50.13286735505743,-59.6987696082582],[-50.12795548971114,-59.6974604981305],[-50.12323958700098,-59.696221006694884],[-50.11983521180491,-59.69530147388544],[-50.113454167694876,-59.69302200899765],[-50.109200243499075,-59.6924554025794],[-50.1069071475358,-59.69364613396185],[-50.10282254428721,-59.69426094883562],[-50.0962066961166,-59.695008236169514],[-50.08903749945011,-59.69615026244948],[-50.084122530663386,-59.69735709636462],[-50.08075235946157,-59.697041145076604],[-50.07804968093969,-59.69666736199031],[-50.0752176692267,-59.697433141905385],[-50.07175096818847,-59.69886133458527],[-50.06755076069852,-59.69913754909116],[-50.06304100640368,-59.69900633577229],[-50.06056643147323,-59.699306839061904],[-50.05512877472919,-59.70151219473765],[-50.050520786078835,-59.70312490634983],[-50.04407235916479,-59.704375237769796],[-50.03723264488641,-59.705485270005646],[-50.02947245816541,-59.70641366382379],[-50.01890576690426,-59.70595308542673],[-50.016499683796525,-59.706433154069025],[-50.01262679365877,-59.70586564719163],[-50.01057337420523,-59.70690989555979],[-50.00919757751418,-59.70788970694159],[-50.008356130894335,-59.708488910197985],[-50.005609385489855,-59.71002653559078],[-50.00246541913909,-59.71038308445763],[-49.99829765041987,-59.71022101274576],[-49.99828815210022,-59.710220639034944],[-49.99536468747912,-59.71021093114943],[-49.992667808690356,-59.71087602959718],[-49.98872279098663,-59.7124290547232],[-49.98564065200267,-59.71399482206435],[-49.983308283335205,-59.71523593984933],[-49.97891500528894,-59.71647979246447],[-49.97552346251807,-59.717637774335245],[-49.97090348527736,-59.71934401874581],[-49.96852950908371,-59.71977041203517],[-49.94652548953029,-59.72728294671614],[-49.9414060524957,-59.73122425946663],[-49.937745265118686,-59.7357015736554],[-49.92729444257936,-59.74353339615482],[-49.919689390807136,-59.74496077025314],[-49.912576693374874,-59.745634633997],[-49.911614444045455,-59.747049938355495],[-49.905515532559406,-59.750416122690964],[-49.898554908707965,-59.75430384901451],[-49.882724446920584,-59.758420962708236],[-49.8696486042808,-59.76100133182274],[-49.860252620405134,-59.76668111226088],[-49.857467905163716,-59.768363905124374],[-49.84472251109056,-59.7750782437764],[-49.84019378741056,-59.77665485634844],[-49.83774962148301,-59.77814209941832],[-49.834001771401475,-59.78154621190593],[-49.825605575326726,-59.786868701531944],[-49.822349151903346,-59.79387552946727],[-49.81268982425772,-59.80185792490641],[-49.81093193591587,-59.806345267273734],[-49.809980332421325,-59.81066158744256],[-49.81123703510405,-59.81307436571324],[-49.81578128297689,-59.81737374667965],[-49.82400629484645,-59.823572243001855],[-49.82231507898012,-59.82711784476384],[-49.81802750115284,-59.82973728058979]]]}},{"type":"Feature","properties":{"id":"D34","name":"Iceberg D34","latitude":-67.15871,"longitude":82.06287,"length":"11 NM","width":"8 NM","areaSqKm":165.8,"status":"Current","lastUpdate":"08/27/2026"},"geometry":{"type":"Polygon","coordinates":[[[81.90021019354437,-67.16856770884154],[81.89995903860535,-67.16821497294914],[81.89787296437689,-67.16528473233845],[81.89452115618987,-67.16381743083434],[81.88993068401346,-67.16219868365582],[81.88891391869255,-67.16202142731207],[81.88316925191081,-67.16101975524387],[81.883159807299,-67.1576680819944],[81.88585063018984,-67.15658627978281],[81.89047590427484,-67.15591720399429],[81.89553733646257,-67.15583028883654],[81.89607924365262,-67.1554652140801],[81.89536241059177,-67.1526976541959],[81.8892134560969,-67.14811526309624],[81.88629660612514,-67.14563032702766],[81.88648996401946,-67.14532066908548],[81.88379438590373,-67.1439913422419],[81.88179130407843,-67.14198298369516],[81.8810032305918,-67.13959423087842],[81.88382176487781,-67.13835208198222],[81.88780773066713,-67.13566579873495],[81.88817362760425,-67.13465261236946],[81.8898833518263,-67.13309852853435],[81.89053188604927,-67.1322962554068],[81.89133345551484,-67.1318653446743],[81.89693155975151,-67.13166838380415],[81.89938290302058,-67.13143916335427],[81.90749028337936,-67.12925664027642],[81.91466564689915,-67.12766519776319],[81.9217346571631,-67.12676569538195],[81.93357445026055,-67.12556681366675],[81.94059291217441,-67.12360282069277],[81.95073068135585,-67.12113773123099],[81.95697135435016,-67.12013598827475],[81.96100271772085,-67.11958090055658],[81.96308235817807,-67.11929449586228],[81.96919290277503,-67.11845275324183],[81.97226190337976,-67.1168879709697],[81.97123200300813,-67.11551840774966],[81.97051134292639,-67.11455997348116],[81.97131334427355,-67.11130929009624],[81.97680394150461,-67.10898225020892],[81.9831589207797,-67.10759527024348],[81.98613225492588,-67.10694618614126],[81.99347523090903,-67.10625400965344],[81.9999154304475,-67.10386593554468],[82.00362384002882,-67.101497907013],[82.00393183173654,-67.09942107262876],[82.00272011312855,-67.09698319101471],[82.00231769736575,-67.09622691195075],[82.00181799463874,-67.09528771940363],[82.00310477082898,-67.09368239543409],[82.00990221979515,-67.09309983080445],[82.01430258320829,-67.09279317334173],[82.0174634769196,-67.09108579415732],[82.02624750769702,-67.08962565287526],[82.03069958430704,-67.08858116651116],[82.03744110863585,-67.08693391193815],[82.04237854586057,-67.08471514171785],[82.047544515488,-67.08164339261076],[82.0539718340496,-67.0792531532767],[82.05790356370107,-67.07795601884699],[82.06255772724771,-67.07642021963493],[82.07994551138036,-67.07500635056216],[82.09635128496227,-67.07311962649182],[82.10183332698077,-67.07360719775505],[82.10951771389499,-67.0770021199293],[82.11726186967955,-67.08146004934547],[82.12674457841082,-67.08771186788886],[82.13560504712966,-67.09247898464483],[82.15796072469897,-67.09675949547493],[82.16604421804097,-67.09966971541294],[82.18567649911557,-67.10625694599567],[82.18890019785242,-67.11245322172557],[82.18390442355168,-67.11590128580072],[82.1822102627385,-67.11974633397274],[82.19724582670182,-67.13158611642159],[82.20765347395603,-67.14357219016007],[82.2090486300465,-67.14637979945222],[82.2082421309389,-67.14835774478566],[82.20962393900311,-67.14961410418657],[82.21400701519494,-67.15246303865595],[82.21704864852836,-67.15590216112936],[82.21903203097143,-67.15795840583623],[82.2192084877711,-67.15907046272932],[82.21921012733218,-67.15929599259528],[82.21921521811664,-67.15999604671039],[82.21922228331093,-67.16096782399605],[82.22118774752606,-67.16402060740573],[82.22054641676552,-67.16666360254034],[82.21834870068682,-67.16699436034503],[82.21703898777652,-67.16828406911495],[82.21095525961647,-67.16966806376249],[82.20461545521255,-67.17137331381731],[82.19910253890703,-67.17317749595492],[82.19679440088525,-67.17406694980967],[82.19387491755143,-67.17519183694532],[82.19039407181438,-67.1790000406642],[82.19062802525359,-67.1878312191054],[82.1894550711638,-67.19843093294004],[82.18819492728218,-67.20514697247712],[82.18419630535023,-67.20959844280016],[82.18077566661242,-67.21218228869023],[82.1781835471604,-67.21486540477898],[82.17360802705916,-67.2188959029503],[82.17059948898961,-67.22152926972299],[82.16912127509991,-67.22452211029953],[82.1666846566828,-67.22757632634081],[82.16536386457406,-67.23094038700077],[82.16398259828408,-67.23324057155364],[82.15410397084608,-67.2359317437737],[82.14806690899896,-67.23608879973392],[82.13979692229775,-67.23562553083954],[82.13104227825832,-67.23633664836387],[82.12593105921373,-67.23672444189222],[82.12292919370853,-67.23578214063582],[82.11970611821182,-67.23594027637554],[82.11683505314998,-67.2353355304839],[82.10739274131895,-67.2334963022329],[82.10381104857113,-67.23226079603496],[82.10348581607148,-67.23195757018746],[82.10106901683076,-67.23017846193842],[82.09525134865302,-67.22990399310488],[82.08749956327502,-67.23067244901948],[82.07524193882416,-67.23089792840443],[82.06665520509456,-67.23096528050802],[82.05859081312998,-67.2302641828202],[82.05201085020425,-67.23052797057221],[82.04530157259964,-67.2309521105145],[82.04144508015699,-67.23148314531036],[82.04120920400673,-67.23151562153491],[82.03724585180802,-67.2319183822103],[82.03408476598278,-67.2318892036594],[82.03099926371486,-67.23063538052327],[82.02960031759487,-67.2258708788051],[82.02917525093915,-67.22442280514568],[82.02642536252463,-67.22162312655897],[82.02302992352384,-67.21962651752723],[82.01984404223184,-67.21906508212608],[82.01251474476268,-67.21800236828928],[82.00578227506927,-67.21789274490969],[81.9985321890794,-67.21842520036421],[81.99379363574397,-67.21979035887242],[81.98851063328168,-67.22126576575572],[81.9842890632793,-67.2219882731122],[81.9832139610827,-67.22212068368162],[81.97923849930896,-67.22261022102964],[81.97576856600726,-67.22183702871008],[81.97364599145713,-67.22052193207504],[81.96787425293064,-67.21753009628348],[81.96256861226425,-67.21565224325946],[81.95695437031107,-67.21303141949933],[81.95351656174115,-67.20996937577081],[81.95088280485159,-67.20647593809163],[81.93928715755996,-67.19607461057429],[81.9356386229777,-67.19248431409119],[81.93031429661605,-67.19079840440786],[81.92373532390239,-67.18711193617112],[81.92338000768902,-67.18708584710714],[81.91769842776193,-67.18628201738404],[81.91225845337817,-67.1806172367048],[81.90618510661574,-67.17352875205871],[81.90197071823872,-67.17149809226656],[81.90021019354437,-67.16856770884154]]]}},{"type":"Feature","properties":{"id":"D35","name":"Iceberg D35","latitude":-60.65431,"longitude":-43.83695,"length":"15 NM","width":"6 NM","areaSqKm":216.13,"status":"Current","lastUpdate":"08/27/2026"},"geometry":{"type":"Polygon","coordinates":[[[-43.95470332733552,-60.65938973796344],[-43.9553766050819,-60.65929310375043],[-43.955448083810545,-60.65787171285703],[-43.95524652005956,-60.65625951062417],[-43.95900667719546,-60.65422673665722],[-43.96605340727935,-60.65352906468279],[-43.98020372222797,-60.651931602137516],[-43.98455622185536,-60.65010988302395],[-43.986752607104115,-60.64919044952957],[-43.98864936848877,-60.64691219911464],[-43.98968710208906,-60.64566559284931],[-43.995415548445614,-60.64286724187788],[-44.00435459285537,-60.63977911563773],[-44.01187601261275,-60.63610071320539],[-44.01428287853825,-60.63464616822195],[-44.01631596953456,-60.63341735804295],[-44.016902431127114,-60.63108181845955],[-44.014716270402296,-60.62905696173053],[-44.014464486707205,-60.62882373603717],[-44.01129830997325,-60.625327116278015],[-44.01095735708709,-60.6215755352004],[-44.011271662100825,-60.620641485531756],[-44.0058314784807,-60.61690007084498],[-44.00301407904637,-60.612335446245226],[-43.99970110475905,-60.60864870004178],[-43.99793151985998,-60.60279720839476],[-43.9990294119424,-60.59852103363032],[-44.005100338315984,-60.593694077989205],[-44.01148418251216,-60.59026476776695],[-44.01639039680848,-60.58676487073038],[-44.016671797708966,-60.58419242368566],[-44.01395614284734,-60.5791403239667],[-44.011772861504525,-60.57495709183506],[-44.01042795748725,-60.57080003286921],[-44.01122845710925,-60.565735997089085],[-44.01156687959394,-60.558880234777476],[-44.00941019303231,-60.56141822036367],[-44.00562726324947,-60.56237142906043],[-43.99864102307089,-60.563613882611975],[-43.98823063541949,-60.56455370724143],[-43.97641520757115,-60.56449873963947],[-43.96146726318478,-60.56380784967604],[-43.94746715642431,-60.56343731702552],[-43.937781769575224,-60.56298334695517],[-43.92851495176449,-60.561981847062555],[-43.92167001789533,-60.561373607434696],[-43.91463254624409,-60.56128262404386],[-43.90588621288886,-60.564679491419895],[-43.88818265816196,-60.57393939174622],[-43.8878604577176,-60.57431800091834],[-43.883139470805084,-60.579118399979045],[-43.879750462287156,-60.58136159935032],[-43.87554420928722,-60.58216458904376],[-43.87318160728595,-60.58415920456318],[-43.86965862685638,-60.58872987163755],[-43.86702325133153,-60.59051463598389],[-43.864640483543894,-60.59295752934726],[-43.86417422244635,-60.59328104874954],[-43.858246686861655,-60.59408531226881],[-43.8579407622544,-60.59414330689451],[-43.856678897602464,-60.59469262597853],[-43.85366345472937,-60.59536422521058],[-43.8476891593711,-60.59642416499448],[-43.8457693165854,-60.59783634515077],[-43.84334496064854,-60.599553835648656],[-43.84320702500028,-60.59963388386286],[-43.840862011494494,-60.600994632057464],[-43.83678740623608,-60.60109030514303],[-43.835343241759254,-60.60109786739938],[-43.8312769422107,-60.60111906521405],[-43.82726045806005,-60.60149106959559],[-43.82615411512089,-60.603532636033016],[-43.82495026479436,-60.60700526548087],[-43.82170837774461,-60.60971454502653],[-43.81512714572306,-60.6125092250006],[-43.80755510480869,-60.614654600190036],[-43.80013786553043,-60.616971885392026],[-43.791912197068086,-60.6192997413089],[-43.78731006594707,-60.6205431401019],[-43.78415752649207,-60.620657428833624],[-43.78252469240587,-60.62073509727631],[-43.78051848464171,-60.621378332940665],[-43.77792661291193,-60.621632529970796],[-43.77618061134677,-60.621751205157416],[-43.77470550993729,-60.62263112675532],[-43.77303357049496,-60.623496549285534],[-43.768872164780305,-60.62328909600485],[-43.767293290832804,-60.6235188029526],[-43.766292837464036,-60.624101898638145],[-43.75335943542837,-60.6273683295534],[-43.74334551274225,-60.631225481688915],[-43.72594329351689,-60.64121076228677],[-43.72210625073311,-60.64358318001512],[-43.715995801870044,-60.645705184408314],[-43.712531726918506,-60.646856310874796],[-43.71162934660838,-60.648830619813786],[-43.7094422491752,-60.65120437941612],[-43.70180128319893,-60.655862404212364],[-43.69687156293426,-60.65820430630074],[-43.6884958482088,-60.66124803252147],[-43.68097107204402,-60.66483624140964],[-43.67811977254792,-60.667046501139076],[-43.6776296767689,-60.67132115440748],[-43.675744030125195,-60.674630165258826],[-43.66942164822076,-60.67799039845354],[-43.66578446526406,-60.681106040127034],[-43.66318695915072,-60.685960069256815],[-43.657816945779864,-60.69204124795082],[-43.656297049245595,-60.69854811685429],[-43.65643981185019,-60.700638544742986],[-43.65705131366895,-60.70251016889309],[-43.658990142006175,-60.70389699158606],[-43.66106484041915,-60.705388982542544],[-43.66142264477589,-60.7074129671037],[-43.65758833834767,-60.71014668235343],[-43.65137950480834,-60.712437617077],[-43.64835110917007,-60.713816940175285],[-43.64804676013022,-60.71567773916057],[-43.65090169248091,-60.71707575249797],[-43.65314013625281,-60.717413258509865],[-43.65437884563666,-60.71872281906107],[-43.65274672659563,-60.721068467431465],[-43.65175871616419,-60.723214651717164],[-43.6524666207647,-60.7252775430936],[-43.65337226122622,-60.72691119963267],[-43.655510187907616,-60.72786897811962],[-43.65676670175241,-60.7295413365498],[-43.66022597449985,-60.73443384960497],[-43.66249079400095,-60.737119524534336],[-43.664247256514486,-60.74010993978609],[-43.66640393125515,-60.74143035609477],[-43.67159954079111,-60.743356327247135],[-43.677826431957016,-60.74584666800614],[-43.68155877568043,-60.748152166221075],[-43.68642339099979,-60.75040168814964],[-43.691099671980545,-60.751457487851184],[-43.70188624925707,-60.75165127266922],[-43.70555706493043,-60.75088199835948],[-43.70706473600058,-60.74960437992381],[-43.7086331236596,-60.74779221248107],[-43.70880008740257,-60.747667361407686],[-43.711998602848944,-60.745275457120684],[-43.716380030286885,-60.74214868251577],[-43.72296540121371,-60.74035285183125],[-43.72817024220745,-60.73893307852396],[-43.75006009640674,-60.73456871523157],[-43.7609291383461,-60.73052835579465],[-43.771463031163414,-60.72681143419199],[-43.77709844842757,-60.7253537163062],[-43.778127948615115,-60.72358923659188],[-43.77877987180266,-60.72247178571778],[-43.78172596580958,-60.72044947441011],[-43.78748207386575,-60.720060338709914],[-43.791411223649256,-60.71979454491574],[-43.79975054251836,-60.72007388631874],[-43.808908567402945,-60.720171429151584],[-43.81559234288038,-60.719637976963185],[-43.81954788667675,-60.719437985423234],[-43.82346481470512,-60.71770109468133],[-43.82763455323528,-60.715811374892986],[-43.83675200455771,-60.71436999599077],[-43.85578155511428,-60.71012961050456],[-43.875057030712135,-60.70492211306318],[-43.87970848408173,-60.7031736244165],[-43.88004871270918,-60.702848269047465],[-43.88520936745648,-60.697912263169584],[-43.89434583209206,-60.69151311612197],[-43.898468187127214,-60.689707004038596],[-43.90104796786702,-60.68901372028862],[-43.90683176289892,-60.687459073425096],[-43.91122809871051,-60.686673547849885],[-43.91326910809819,-60.68581319151323],[-43.914627294590474,-60.684428390118576],[-43.915604787763584,-60.68398063635635],[-43.91971862309211,-60.68209598873102],[-43.924474013109226,-60.67846574744937],[-43.92635403941959,-60.67632650575442],[-43.92823658601075,-60.6749984344236],[-43.93140712587929,-60.674173722023575],[-43.93239586080984,-60.673916511928766],[-43.93630251003151,-60.67298736060126],[-43.93979918149584,-60.67174354487118],[-43.94323933137331,-60.67103409609648],[-43.94395392551673,-60.670478900178445],[-43.94690390503488,-60.668186685205654],[-43.95127530056195,-60.662532872268145],[-43.9532887798407,-60.66049817733969],[-43.95470332733552,-60.65938973796344]]]}},{"type":"Feature","properties":{"id":"D33C","name":"Iceberg D33C","latitude":-61.53778,"longitude":-53.57551,"length":"9 NM","width":"5 NM","areaSqKm":81.72,"status":"Current","lastUpdate":"08/27/2026"},"geometry":{"type":"Polygon","coordinates":[[[-53.64015021343115,-61.46727011566843],[-53.629791877918265,-61.46656155452338],[-53.61165509874948,-61.46905898812979],[-53.60013207088549,-61.473991347928454],[-53.575589961288266,-61.481893947713615],[-53.564533701983954,-61.48531787907403],[-53.55536815375415,-61.49966518186309],[-53.532169266399066,-61.51533681707571],[-53.50830175648649,-61.52624892250171],[-53.508694816291296,-61.52806816678253],[-53.50866990005482,-61.52910666827659],[-53.5067594223964,-61.531309314046176],[-53.50390461259752,-61.53309928346116],[-53.50292291523665,-61.534244388021186],[-53.50272751441136,-61.535401821975476],[-53.50224457869205,-61.53737263439951],[-53.501961564566905,-61.538906620072204],[-53.50180131631517,-61.53977513506251],[-53.50045281986118,-61.54153345302358],[-53.49652374543006,-61.54611391145869],[-53.49493091232179,-61.54740634659217],[-53.493503444415715,-61.55086495006727],[-53.49074677249681,-61.55661699639978],[-53.48916440844483,-61.5622974197178],[-53.491247830667504,-61.56650074628365],[-53.493175785841316,-61.56923212854497],[-53.4905161861352,-61.57246000328855],[-53.49011077874742,-61.57295196398415],[-53.486174985350566,-61.57877616919192],[-53.49002097643757,-61.582416565666165],[-53.49931567210036,-61.58675021260306],[-53.50536092402681,-61.58877448471017],[-53.505416479904554,-61.588800790315474],[-53.50919857088047,-61.59059154367563],[-53.5112623332842,-61.59114925316274],[-53.51660521494384,-61.59766129813933],[-53.518859706581566,-61.60424842782748],[-53.51387394396797,-61.60706099618446],[-53.518602627336726,-61.60950754891948],[-53.52794087598122,-61.61067313504046],[-53.52964229803847,-61.60902629024073],[-53.53306749935769,-61.607196132730785],[-53.53725987488388,-61.6055935280341],[-53.537306194925776,-61.605539568405035],[-53.54306797934507,-61.60308958960919],[-53.54534477778311,-61.60290641756543],[-53.618018042893496,-61.55721496712134],[-53.62528059202777,-61.56280523006365],[-53.627342789501704,-61.56413866400096],[-53.655358889217375,-61.54611226325243],[-53.65868359129293,-61.5416868880322],[-53.65728928952509,-61.53573255717384],[-53.658999995107884,-61.531522108703776],[-53.669790303661145,-61.525603722638365],[-53.67692601255777,-61.521167197750835],[-53.678360133298675,-61.51856961419927],[-53.662865767429906,-61.511675421311764],[-53.62724128755586,-61.50090712074131],[-53.63551663731985,-61.48056219877681],[-53.640382964621075,-61.47045833243837],[-53.64015021343115,-61.46727011566843]]]}},{"type":"Feature","properties":{"id":"A83","name":"Iceberg A83","latitude":-61.11675,"longitude":-50.36065,"length":"12 NM","width":"7 NM","areaSqKm":189.82,"status":"Current","lastUpdate":"08/27/2026"},"geometry":{"type":"Polygon","coordinates":[[[-50.40713865142167,-61.04823309808266],[-50.40656082444659,-61.04847306090005],[-50.40510170365025,-61.04873147070903],[-50.40314063477074,-61.04866623679762],[-50.402074742219966,-61.04855834774548],[-50.39931815619864,-61.04863563067246],[-50.39776333238685,-61.048834403143196],[-50.39266272948974,-61.05032193687245],[-50.38944236866064,-61.05154006669832],[-50.38173593214718,-61.05332518515005],[-50.378593646564866,-61.054358130103935],[-50.37826295743034,-61.05449902215434],[-50.37458194710002,-61.05509976330232],[-50.371797780922485,-61.055884492868785],[-50.371315255381546,-61.05590419708071],[-50.36844220286063,-61.05634238208432],[-50.36561007502615,-61.05696436550043],[-50.365369701504314,-61.05696906810895],[-50.35863012614105,-61.056574938857764],[-50.352569176869096,-61.05675045538499],[-50.349089767972465,-61.057372692250944],[-50.34453167229033,-61.05759505217557],[-50.34260739197306,-61.05753444914171],[-50.3400436759314,-61.058279614564974],[-50.33791510989844,-61.05878018570852],[-50.335475670960214,-61.05936333005731],[-50.333076233468816,-61.06045824370962],[-50.331091034026684,-61.061442977729804],[-50.32911247736525,-61.06183813225246],[-50.325422926235476,-61.06131639472992],[-50.32228789844801,-61.0620221640596],[-50.321199691615845,-61.06271119140891],[-50.31900092045216,-61.065019400183516],[-50.31649970487376,-61.06676926076607],[-50.31282119451744,-61.068847558436566],[-50.308393033314815,-61.06949553862853],[-50.30290027272691,-61.070953250372774],[-50.300222052755416,-61.07120682480727],[-50.29789187122482,-61.07117213547231],[-50.29523328716417,-61.0716815248587],[-50.29267830480566,-61.072163356209984],[-50.28969102146442,-61.07321675058649],[-50.28638047637342,-61.07350703720411],[-50.283909273491254,-61.07370525593953],[-50.28111711811485,-61.07385793011739],[-50.279250453365385,-61.07435274097757],[-50.27781809105373,-61.07499350564249],[-50.27688657923557,-61.075958452390104],[-50.2761640028495,-61.076176777057725],[-50.275812215748225,-61.07643901012051],[-50.27421920663223,-61.07705698082623],[-50.272097765576405,-61.077684381107005],[-50.26900369663565,-61.07804718476871],[-50.26635366449948,-61.078683912886014],[-50.26359004693219,-61.07922008632726],[-50.26052333019479,-61.07924901443875],[-50.25946842659041,-61.078998520824584],[-50.258547466595424,-61.07918569077214],[-50.258003140579596,-61.07922043245012],[-50.2546370515792,-61.08015736687843],[-50.25272901441311,-61.08088404875251],[-50.25186493066106,-61.0816066658935],[-50.24988498048545,-61.082718104511805],[-50.24627229376519,-61.08393523084737],[-50.24419676829258,-61.08448443300938],[-50.242584351314065,-61.08556364068675],[-50.240717156164514,-61.08677546935134],[-50.238764299636166,-61.08755307288133],[-50.236546189646816,-61.087617689291754],[-50.23541257913881,-61.08812384166239],[-50.23511217133016,-61.08825797475871],[-50.23328200026114,-61.089264002703274],[-50.230385560460604,-61.090878158899926],[-50.22946814498049,-61.09134275937774],[-50.2284983603891,-61.0918338572913],[-50.226119949805664,-61.09259307528006],[-50.2237318896416,-61.0932242658433],[-50.22082451949443,-61.09399260748976],[-50.216321332090935,-61.09466050334832],[-50.21275237787857,-61.09436371195621],[-50.210477003029524,-61.094377565667244],[-50.20829602507749,-61.09423596576065],[-50.2065304755859,-61.09398462000315],[-50.20383026826759,-61.09469769059526],[-50.20251786318227,-61.09556614738776],[-50.20120535658912,-61.096434588629236],[-50.198589806833674,-61.09686415434118],[-50.19608767869704,-61.096676610166426],[-50.19277336055758,-61.09696429712197],[-50.19079966992966,-61.09748517835923],[-50.184830426123945,-61.09984295060375],[-50.18163818696445,-61.100358907731305],[-50.17995772405723,-61.09982377375919],[-50.17878369802654,-61.099595847139106],[-50.17668155556119,-61.09918769541494],[-50.17470740361014,-61.09970830823288],[-50.17374121032371,-61.10244151069248],[-50.17421193337328,-61.10381750996759],[-50.17410996174775,-61.104809156669695],[-50.17408784318905,-61.10502423929299],[-50.17405757667346,-61.106793231717205],[-50.1731679083247,-61.10839746361438],[-50.171616417557736,-61.11037177834513],[-50.171482023795015,-61.110671595498545],[-50.17088706044342,-61.11199891853468],[-50.17119721026877,-61.11335208708833],[-50.172667959214955,-61.11609523574413],[-50.17352523131248,-61.11841311186273],[-50.17428505013715,-61.11902566471551],[-50.17498867460996,-61.11959288298448],[-50.17521450624567,-61.12051178640634],[-50.173729244182375,-61.12194682873001],[-50.17242389985711,-61.122943052979664],[-50.17017315587988,-61.1240578543148],[-50.170172709952276,-61.124058528367605],[-50.169264118306074,-61.125406166036065],[-50.170018261504495,-61.12703382982594],[-50.17195473493573,-61.128154397367055],[-50.17395733524067,-61.12945323778798],[-50.1775469901911,-61.13216046788933],[-50.17911536358363,-61.133312858736055],[-50.18073120154376,-61.13438751735269],[-50.18142081346024,-61.13511912116038],[-50.182894825603015,-61.13642689248566],[-50.18266693865908,-61.137661208108504],[-50.18364954920494,-61.13877230583283],[-50.18550256711016,-61.13945837470525],[-50.18818800251131,-61.139925090937204],[-50.18981434108778,-61.1404098971894],[-50.19197974415514,-61.14101361982875],[-50.19373848409992,-61.141854988053055],[-50.19557287895339,-61.14300265924721],[-50.19736974671382,-61.14363826247149],[-50.19876006591953,-61.14379377395022],[-50.200192078533824,-61.144295402439525],[-50.200992116999714,-61.14457563862056],[-50.20295945160299,-61.14536203510897],[-50.20388639901069,-61.145704926070195],[-50.20529581620211,-61.14683417715307],[-50.20487963601914,-61.14766169474946],[-50.20480398725467,-61.14879095790002],[-50.204995938628876,-61.14898770224407],[-50.20566489636035,-61.149673335042806],[-50.20649743128184,-61.15017166083835],[-50.2077652170682,-61.150816277551186],[-50.20983724415589,-61.15157514127703],[-50.21234463575277,-61.152480248909264],[-50.21291268903719,-61.15370093424945],[-50.212790074215086,-61.154907963797456],[-50.21377450323814,-61.156018901800955],[-50.21377500826463,-61.157454536291766],[-50.213860575792125,-61.15860670270221],[-50.21463699886199,-61.15977252429838],[-50.215299892530304,-61.160837776748274],[-50.217297374969284,-61.16200805179707],[-50.21879280988905,-61.16213589913225],[-50.2214337486655,-61.16267963263396],[-50.224207023842865,-61.162862083625086],[-50.22428355454482,-61.162862553358416],[-50.22638393493942,-61.162875413708065],[-50.2282868729175,-61.1634831456925],[-50.23196014519481,-61.16434191976548],[-50.2350371093534,-61.165031567392745],[-50.23751769240203,-61.16555213415855],[-50.24091683743973,-61.16628726508313],[-50.246153265219185,-61.16745146221875],[-50.24898584962652,-61.168767996307096],[-50.24928899062667,-61.1689088794854],[-50.25104155447011,-61.1696214814686],[-50.25272762519883,-61.17015576772825],[-50.25641224638662,-61.17114183060643],[-50.26002903344561,-61.17123163061386],[-50.261751341308894,-61.17084215469715],[-50.264953348132465,-61.17175960939641],[-50.26782215499058,-61.17178553811302],[-50.270094091116015,-61.17164255620331],[-50.27212047848612,-61.17176029140682],[-50.27474195203657,-61.1713289570697],[-50.276971061991695,-61.17103465648827],[-50.277212147272095,-61.1710028249782],[-50.28282590008769,-61.17082548117614],[-50.28512209118917,-61.17134084019211],[-50.28536484008053,-61.171395321788964],[-50.288983968040085,-61.17220210219134],[-50.292648096241514,-61.17221314152991],[-50.295251883835235,-61.172243180183386],[-50.298489898638636,-61.172236074602935],[-50.30212681509254,-61.17258063388827],[-50.30576382734404,-61.172925074914374],[-50.31011928520381,-61.172948696297226],[-50.31370656996804,-61.172652807159224],[-50.317303754142664,-61.17248482459194],[-50.32006864716572,-61.17253702631407],[-50.32383685539764,-61.172519563384164],[-50.32706486385226,-61.17238366934853],[-50.32970683476317,-61.17206081452785],[-50.3302727391245,-61.17199164672103],[-50.33284635202958,-61.17163680745087],[-50.33581921177172,-61.17163354581428],[-50.33843308419759,-61.17179065492523],[-50.33981217057706,-61.17198483393235],[-50.34759752884005,-61.170994699697026],[-50.34998646755728,-61.17013830141642],[-50.35630317757631,-61.169298722010986],[-50.357820726532786,-61.16911145588092],[-50.35917968059764,-61.16837160717653],[-50.363147658776306,-61.1670316539251],[-50.36945180980603,-61.16521546782033],[-50.3748791438342,-61.16428661603104],[-50.37990461387499,-61.16352801733773],[-50.38563578566015,-61.16315708977152],[-50.39053975661975,-61.163309186067046],[-50.393460856012055,-61.1641315955976],[-50.398365032991606,-61.164283367504396],[-50.40291614429006,-61.16424105242043],[-50.40947387756867,-61.1633455705963],[-50.415276727266004,-61.162426511687954],[-50.420959186414265,-61.16241833656787],[-50.434390457944986,-61.16177534608046],[-50.436392413834746,-61.161963284114776],[-50.44139414946458,-61.16164807924394],[-50.445357955271305,-61.161443476481104],[-50.44626463148621,-61.16149649330875],[-50.4489846698283,-61.16165551304313],[-50.451369287839036,-61.16160941275978],[-50.45345710286959,-61.161184399585714],[-50.454599521541816,-61.16088022896143],[-50.4556735501135,-61.160127326305734],[-50.45791620357791,-61.15927748217237],[-50.462628970796914,-61.157237267043],[-50.466883035486724,-61.154795554098264],[-50.469886846868,-61.15327550012119],[-50.4737384559099,-61.15237982614748],[-50.4765886602826,-61.1517594884674],[-50.47707079914188,-61.15162238977298],[-50.47855976720367,-61.15102915793592],[-50.48026697523592,-61.15050855364423],[-50.48266486492509,-61.15000003060751],[-50.484518744792084,-61.14996365501073],[-50.48716369885302,-61.150501439270336],[-50.487341315227276,-61.15054069722673],[-50.493766037542805,-61.14999743030224],[-50.4950414842499,-61.14990500875726],[-50.4964721029596,-61.14952330917304],[-50.500347130151646,-61.14829296937404],[-50.505696058394825,-61.14693075163325],[-50.50769989814686,-61.14678847948631],[-50.51006931216763,-61.14720300989506],[-50.511633494221435,-61.14750527991473],[-50.51476478950911,-61.14751997915992],[-50.516285430444015,-61.14731024809694],[-50.51827833478516,-61.147039811167495],[-50.52015881664367,-61.147496806564455],[-50.52071619251882,-61.14763225482463],[-50.522960282554585,-61.147818264618344],[-50.52545825609935,-61.14787095308302],[-50.52545997653221,-61.1478706047557],[-50.52754389677601,-61.147444662682354],[-50.52892528175813,-61.14746831713189],[-50.53090458583626,-61.14765947244205],[-50.53351972968047,-61.14722246898356],[-50.537785655675044,-61.1456240725676],[-50.54032110936654,-61.144880830841274],[-50.54480250341974,-61.143944506282686],[-50.547085162276595,-61.14352489138339],[-50.55315976274847,-61.141344956155116],[-50.55318997706744,-61.14134200754896],[-50.55460892731587,-61.14079789442059],[-50.556464048688206,-61.14017062685453],[-50.55964272846973,-61.13951650783134],[-50.56246397779523,-61.13902339121565],[-50.565827428765004,-61.138057670431735],[-50.567417414625965,-61.137435616573015],[-50.56939963190899,-61.1364465883864],[-50.56996261916368,-61.13585928702265],[-50.569514204965145,-61.134694521875424],[-50.56715200817102,-61.13242976057809],[-50.56479019245477,-61.1301649689097],[-50.562359647810695,-61.12844686541809],[-50.55995245541586,-61.1265464860144],[-50.55834527114036,-61.12430393088906],[-50.55355558265787,-61.12032082634969],[-50.551410853302706,-61.11934264069328],[-50.54893585394142,-61.117988788270196],[-50.54566146536724,-61.11697695065632],[-50.54130371231245,-61.11556695902843],[-50.537722862333574,-61.1139970483376],[-50.53487238834205,-61.11263171450446],[-50.531338748968224,-61.11069718574517],[-50.530041620868694,-61.10901227991],[-50.52867491080884,-61.10787401079753],[-50.52806136016754,-61.10675823924203],[-50.527562378621816,-61.105850772727024],[-50.527093845670656,-61.10561156103177],[-50.522996718658035,-61.10415533308833],[-50.52030914788143,-61.103696289744356],[-50.51732459741739,-61.10285856812663],[-50.51441403691953,-61.10101951993021],[-50.51403292659678,-61.09902755465113],[-50.51258944091902,-61.095749364193075],[-50.50911387492275,-61.09222963617814],[-50.48878568808784,-61.082814211964504],[-50.48292653679838,-61.07921278345714],[-50.473014117835454,-61.07613817161567],[-50.472278765005704,-61.075910032371496],[-50.46646989729261,-61.07427485072766],[-50.46036946140375,-61.07215872785813],[-50.46029498355616,-61.072085201911555],[-50.46021347605282,-61.07207013059013],[-50.45949284797969,-61.07167405610923],[-50.45831577101958,-61.070876761613405],[-50.457424045373344,-61.0703302267638],[-50.45585829846495,-61.06930979918101],[-50.45444263644393,-61.06818391956886],[-50.45217147475242,-61.06630571952555],[-50.45056387763297,-61.06477345516706],[-50.443896079706484,-61.06151941820103],[-50.441756855033695,-61.06058684367617],[-50.44165379822917,-61.059770621399444],[-50.44028352460012,-61.058103610058474],[-50.438491118659606,-61.056882375336805],[-50.43591750628927,-61.05580432847938],[-50.43371152523304,-61.054693527845416],[-50.43349107793067,-61.05456446912131],[-50.43210103766795,-61.05375063584325],[-50.431986923335515,-61.05373196676543],[-50.43027907793486,-61.0534525080755],[-50.426563144443634,-61.053267623317176],[-50.42401121578758,-61.05244521662605],[-50.42165597640929,-61.0514395902749],[-50.41908352753767,-61.05036120475975],[-50.41641820775307,-61.049438312369055],[-50.41629172402975,-61.04940815581621],[-50.414669190890564,-61.049358030935615],[-50.40937809070464,-61.04826439357898],[-50.40713865142167,-61.04823309808266]]]}},{"type":"Feature","properties":{"id":"A84","name":"Iceberg A84","latitude":-71.57581,"longitude":-101.72776,"length":"12 NM","width":"6 NM","areaSqKm":196.99,"status":"Current","lastUpdate":"08/27/2026"},"geometry":{"type":"Polygon","coordinates":[[[-102.04888210746938,-71.54274667394458],[-102.04455579319027,-71.54179499838267],[-102.03161568181588,-71.54094320044298],[-102.01916808792588,-71.53937279553932],[-101.99459176017459,-71.53724486301176],[-101.99337047905541,-71.53731974964617],[-101.98082951211761,-71.53588981488743],[-101.95238219248638,-71.53449715379442],[-101.9467646788407,-71.53425935003911],[-101.94317557290495,-71.53410732328943],[-101.9390865467564,-71.53382160073753],[-101.93694562687199,-71.53344092852657],[-101.9371988721809,-71.53275224473701],[-101.93684040719027,-71.52778054164814],[-101.93026543963003,-71.52715373917579],[-101.9258750000988,-71.52603591324106],[-101.9196077785648,-71.52472020480907],[-101.91258366053214,-71.52405242981305],[-101.89419129376553,-71.52370974303577],[-101.88918011192844,-71.52361604707765],[-101.8818062914791,-71.52365520227318],[-101.87302227088873,-71.5237014440412],[-101.86534197506937,-71.52456550244516],[-101.861156674383,-71.52482728553018],[-101.8569919960163,-71.52489721697624],[-101.84614640487113,-71.52590519793718],[-101.83682768280217,-71.52659655721205],[-101.83099584377105,-71.52640439125226],[-101.82250142388541,-71.52656655161256],[-101.80972442551644,-71.52758757524443],[-101.80694690456615,-71.52756104304235],[-101.77542772311456,-71.5285656322637],[-101.77526429163456,-71.52857295150099],[-101.73420626454818,-71.53154055935445],[-101.73201317041466,-71.53211175934797],[-101.72706698392889,-71.53287447680124],[-101.72346213798603,-71.53349264689474],[-101.71936681088584,-71.53398504128641],[-101.70964650528568,-71.5345516856798],[-101.70412666439876,-71.53426708187993],[-101.6979068275789,-71.5340340756994],[-101.69399798260731,-71.53292807435078],[-101.69053300089543,-71.53180721913559],[-101.68945510761465,-71.53140266357335],[-101.6501977972941,-71.52459213069251],[-101.64607584985298,-71.52475709352008],[-101.63917204517546,-71.52447378582674],[-101.63323919459559,-71.52346195727445],[-101.62676175958845,-71.5217432922795],[-101.62401500547881,-71.5204698456062],[-101.62160293315064,-71.52008045559397],[-101.61368404076912,-71.52038379995096],[-101.60812407519376,-71.51995570800517],[-101.60196846188828,-71.51976012650218],[-101.5987715316406,-71.52012080989795],[-101.5963660863618,-71.52071120792628],[-101.59089724823986,-71.52262382404497],[-101.58818864152536,-71.52311037079889],[-101.58371907620148,-71.5235550621285],[-101.5792035713226,-71.52385906665691],[-101.57586841515764,-71.52379761895455],[-101.57249997842729,-71.5234956734026],[-101.5701922637903,-71.52328690227273],[-101.56742498295458,-71.52373241448409],[-101.56573061256888,-71.52417128885132],[-101.56388289848164,-71.52482824973539],[-101.56140526632349,-71.5254773129785],[-101.55712909713247,-71.5263838231821],[-101.55084697842857,-71.52718502712685],[-101.53994544311901,-71.52658758086179],[-101.52784296869,-71.5260142280749],[-101.50990670887265,-71.52568550420767],[-101.49585320394822,-71.52656519304712],[-101.49157352622326,-71.52747015488555],[-101.48650307104005,-71.53010505949224],[-101.48375842113118,-71.5303495967998],[-101.48067930462118,-71.53122986019154],[-101.4763203654668,-71.53273356878807],[-101.47247507069842,-71.53416385332208],[-101.47054535785524,-71.53541897044117],[-101.46897534733957,-71.53681878668579],[-101.46674898386563,-71.53841008216541],[-101.46263854733101,-71.53943667101277],[-101.45667824614362,-71.54036946679463],[-101.45662232431324,-71.54151846612147],[-101.4562535771567,-71.54289391717784],[-101.4554091242213,-71.54404310471365],[-101.45376063269696,-71.54506173766005],[-101.45233196040378,-71.54536308655297],[-101.44829196517742,-71.5453500991156],[-101.44590653129333,-71.54475864090031],[-101.44297367371418,-71.54418714823704],[-101.44227355854169,-71.54405071268347],[-101.43884580868009,-71.54370549326495],[-101.43660436755931,-71.54380265340737],[-101.43636898403918,-71.54381285666572],[-101.4335060291651,-71.54397509773844],[-101.43048285489877,-71.54391512447799],[-101.42592835719877,-71.54397484403314],[-101.42208837304193,-71.54388389839751],[-101.41681447104226,-71.54365377073742],[-101.414652706128,-71.5437650320684],[-101.41414254451712,-71.54427836006457],[-101.41421447384629,-71.5456396454902],[-101.41516588087309,-71.54751276856558],[-101.41546416066674,-71.54859701018997],[-101.41474191263808,-71.54995927092901],[-101.41470585507396,-71.55002727732219],[-101.41477785294089,-71.55138858459871],[-101.41616419363268,-71.55236728288297],[-101.4172499018458,-71.55284479299732],[-101.41944763681828,-71.55381129285541],[-101.42146516188375,-71.55479833086856],[-101.42207440366629,-71.55544658225305],[-101.42175563750997,-71.55642261560214],[-101.4222410548903,-71.5575293521959],[-101.42328970794273,-71.55772330786642],[-101.42507665080868,-71.55854720381183],[-101.42499743693381,-71.55914632033377],[-101.42376374549886,-71.56035030443115],[-101.42226727538437,-71.56115069100072],[-101.42231680027753,-71.56173151045802],[-101.42681987704962,-71.56305152337997],[-101.43137056219874,-71.56593249468716],[-101.43080240836288,-71.5664051268147],[-101.42842492775542,-71.56669379343205],[-101.42590309188873,-71.56672680746024],[-101.4267068621008,-71.56677963282573],[-101.42613161741761,-71.56682349851991],[-101.42273619940707,-71.5671586331739],[-101.4217943456336,-71.56758627664732],[-101.42389283513903,-71.56797419927928],[-101.4264805365741,-71.56848860500936],[-101.4295506436576,-71.56923467217015],[-101.43092260475309,-71.56932756659188],[-101.43327129580139,-71.57021882691217],[-101.43308973663414,-71.57063655814027],[-101.432534648269,-71.57100934457759],[-101.4309878604805,-71.57122899533947],[-101.42976181635068,-71.57189300290482],[-101.42889603247403,-71.57270181346982],[-101.42904832899328,-71.57346405785486],[-101.43007160934212,-71.57385769697552],[-101.43112129279574,-71.5740516138782],[-101.43382062202402,-71.5742072741266],[-101.4354491722676,-71.57480892316532],[-101.43490716554786,-71.57508186723547],[-101.4323338061648,-71.57588818584962],[-101.43079174093872,-71.57654804233934],[-101.42914701548982,-71.57702647649974],[-101.42749712333865,-71.57706468600887],[-101.42678566380684,-71.57694670001439],[-101.42678406711688,-71.57696028215412],[-101.42461561222335,-71.57732665899988],[-101.42466025314417,-71.57746729488362],[-101.42661931213479,-71.57836170281774],[-101.42818044056192,-71.57907436412707],[-101.43090910278988,-71.58045084244013],[-101.42981650922852,-71.58115848591893],[-101.42945598500522,-71.58139196845629],[-101.42909246760523,-71.58222744456053],[-101.43388023480853,-71.58287081727934],[-101.43686345929025,-71.58391717586174],[-101.43974789863397,-71.5849287266176],[-101.44176999311344,-71.58591562113007],[-101.44165491600222,-71.58823489217868],[-101.44065986971935,-71.58906210115242],[-101.43904589971233,-71.58978114125365],[-101.43540677907224,-71.59049351447906],[-101.43294191884154,-71.59094120604237],[-101.4317226281571,-71.59106517849018],[-101.42936832630521,-71.59115415450361],[-101.4281937111932,-71.59141874260213],[-101.42742140673387,-71.59294909442919],[-101.42781720805957,-71.59316415164879],[-101.42878009262947,-71.59368730128664],[-101.43065516713094,-71.59435228408707],[-101.43372878201654,-71.59553321900862],[-101.43728216361454,-71.59596014136369],[-101.44042997161253,-71.59610155681794],[-101.44536399402324,-71.59662647684863],[-101.4512725043779,-71.59773627601396],[-101.45418403107794,-71.59988301519037],[-101.45526003611978,-71.60085741406955],[-101.45743416675224,-71.60118588615813],[-101.46131844754804,-71.60151659837615],[-101.46911258792441,-71.60295837813585],[-101.46918375593948,-71.60297849204979],[-101.47147663903958,-71.60362646190825],[-101.47222909680437,-71.60383908722675],[-101.47697899272349,-71.60434072604673],[-101.49379805362767,-71.60361709499925],[-101.5076208319355,-71.60253360269276],[-101.51473755175904,-71.60210352024943],[-101.52019715088159,-71.6017733758865],[-101.5230747664646,-71.60455075848373],[-101.53099149938903,-71.61107304826422],[-101.53387722634346,-71.61331021150313],[-101.53430016956096,-71.61447594155183],[-101.53353852639624,-71.6169872153695],[-101.53411595132849,-71.61793482667358],[-101.53574192107003,-71.61961590507431],[-101.5371429079166,-71.62157424527037],[-101.53720306673888,-71.62201264288423],[-101.5372089122987,-71.62205525137252],[-101.5363455378165,-71.62286467864587],[-101.53641152859885,-71.62334568653635],[-101.53787311725556,-71.62382424948962],[-101.54293880807448,-71.62388791135301],[-101.54635062111365,-71.62399073111469],[-101.55002077633343,-71.62405670341582],[-101.55328283982693,-71.62383740410341],[-101.55407300227549,-71.62368976513503],[-101.55956956245122,-71.62423579937949],[-101.56774775377845,-71.62545110895313],[-101.56886431442284,-71.62603214080137],[-101.571893981729,-71.62717009780764],[-101.5750072479523,-71.62814897944331],[-101.57892940015165,-71.62925784256643],[-101.58352263087933,-71.63007478294739],[-101.58825780749413,-71.63077330805253],[-101.59360538498795,-71.6311391038451],[-101.59784301358243,-71.63073088842424],[-101.60307973027854,-71.62993464868606],[-101.60757114414888,-71.62923315978144],[-101.61030776560715,-71.62880566103249],[-101.61400980726135,-71.62822725297971],[-101.6201707937696,-71.62764184373923],[-101.621615331103,-71.62723921886139],[-101.62190022174437,-71.6264624213446],[-101.62336662557308,-71.6264001578068],[-101.62542002615504,-71.62620494079731],[-101.62702762540343,-71.62602431618703],[-101.62935960362162,-71.62587007505311],[-101.63086392488277,-71.62577055792526],[-101.63413540660214,-71.62599006010306],[-101.63747756121448,-71.62615033697088],[-101.63902468882041,-71.62646903411118],[-101.64102790986051,-71.62721332508922],[-101.64382822453685,-71.62818722326766],[-101.6471452105498,-71.62908724017007],[-101.64973751939159,-71.62915827848975],[-101.65196511358239,-71.62962504568023],[-101.65558478198378,-71.63061385784307],[-101.65786207928728,-71.63123587667212],[-101.66262543707815,-71.6311925393398],[-101.66270691486467,-71.63118919524031],[-101.66791703562248,-71.6309752866002],[-101.67375966140573,-71.63092445077478],[-101.68217072795993,-71.6316839292885],[-101.68957316238651,-71.63293131679484],[-101.69088151413685,-71.63340767345173],[-101.69362566286424,-71.63357508327772],[-101.70746501463454,-71.63306795554215],[-101.71826889024307,-71.63321794604418],[-101.72040884341045,-71.6334707255492],[-101.7293072260779,-71.63417453540993],[-101.73166293226667,-71.63436077369985],[-101.73462619308125,-71.63474220020615],[-101.73797762770806,-71.63517352046475],[-101.74247224907293,-71.63526503215677],[-101.74610958728702,-71.63508657116138],[-101.75752413712314,-71.63403634088264],[-101.76980620766537,-71.63318403263712],[-101.7864165868619,-71.63346659624689],[-101.7933493845133,-71.63352903838056],[-101.80006696026267,-71.63317450718857],[-101.80539405610273,-71.63319371249843],[-101.80965287393514,-71.63312091237115],[-101.81363153727519,-71.63328496503692],[-101.81941909308384,-71.63372893738588],[-101.82680963278648,-71.63418066957387],[-101.82780065409108,-71.63424122060324],[-101.83226955022182,-71.63399015668188],[-101.83297681795295,-71.63314026986724],[-101.83301325383367,-71.63299809822662],[-101.83692780343688,-71.6308604910524],[-101.8422482739217,-71.62861813115617],[-101.85292068974849,-71.62555359828491],[-101.86028680267215,-71.62429310714995],[-101.86692217319012,-71.6227444186709],[-101.87117317944217,-71.62213004353087],[-101.87581032071792,-71.62145970438394],[-101.87938452034773,-71.62123794496176],[-101.88269033574727,-71.62115326984339],[-101.89140510874846,-71.62028602108968],[-101.90519079166192,-71.62001204181314],[-101.91546585452531,-71.61936015088173],[-101.9215233423625,-71.61902362121627],[-101.92495728669988,-71.61891952174498],[-101.92883652198923,-71.6187999998687],[-101.9318632968125,-71.61895155213013],[-101.93557206708844,-71.61925015668399],[-101.93921139309307,-71.61960796779199],[-101.94236711714434,-71.6197406786996],[-101.94477131478803,-71.61978555558863],[-101.94619456809626,-71.62012029877086],[-101.94803512839697,-71.62009930066274],[-101.94933266510398,-71.61981266251264],[-101.95142311677829,-71.6192141523188],[-101.95430355435273,-71.61894378268995],[-101.95682606950457,-71.61906972606833],[-101.95874629826615,-71.61888942721987],[-101.95997408615972,-71.61866200315124],[-101.96144895379624,-71.61849710826856],[-101.96291350712276,-71.61843210581635],[-101.96557496656636,-71.618439340547],[-101.96673317197336,-71.61827116644062],[-101.96784237500403,-71.61796247291568],[-101.96979308992883,-71.61748234871214],[-101.96944799941917,-71.61713879988437],[-101.97412922043502,-71.61660647142935],[-101.97606118788975,-71.61568606056726],[-101.98058265937618,-71.61547196928913],[-101.99012473515005,-71.6132532616576],[-101.99187563716426,-71.61284602935609],[-101.99317195995833,-71.61255908165764],[-101.99586409989547,-71.611626143289],[-101.99941704041129,-71.61032180183516],[-102.00231544629959,-71.60985086893204],[-102.00527297499696,-71.60942048724948],[-102.0079731948124,-71.60902748772084],[-102.00783545442135,-71.60850609329157],[-102.00584934002798,-71.60746618999787],[-102.00980642799357,-71.60590571618559],[-102.00913681725005,-71.60373897906061],[-102.01106709538298,-71.60153822723872],[-102.01168185881986,-71.59982434793875],[-102.0114170060781,-71.5980416978376],[-102.01127141002941,-71.59570024867182],[-102.00919044806675,-71.59245947674845],[-102.00919364231414,-71.58989955173028],[-102.00759651705283,-71.5875236233102],[-102.0046632649454,-71.58437815175104],[-102.005944384797,-71.58316218171652],[-102.00604968469408,-71.58203304696423],[-102.00351173927137,-71.57842300126873],[-102.00672226574137,-71.57481732731937],[-102.0069828417083,-71.57202024896382],[-102.00794366252414,-71.57142784722488],[-102.00882428548954,-71.56957680259792],[-102.01027007656441,-71.5652316236469],[-102.01340882680056,-71.56354316384471],[-102.01067455067017,-71.55995220816456],[-102.01533148107859,-71.5574538284272],[-102.01843738324973,-71.55301450109604],[-102.02744797474416,-71.55258416906295],[-102.03037603729943,-71.54979357338512],[-102.03917731782707,-71.54826076771649],[-102.03982742547792,-71.54742730246522],[-102.04065492864,-71.54671556264263],[-102.04212284038036,-71.54591014423504],[-102.04386680710192,-71.54550736496049],[-102.04549239607574,-71.54502342228578],[-102.04728504062264,-71.54412117269999],[-102.04888210746938,-71.54274667394458]]]}},{"type":"Feature","properties":{"id":"D37","name":"Iceberg D37","latitude":-69.20943,"longitude":36.35784,"length":"30 NM","width":"7 NM","areaSqKm":477.77,"status":"Current","lastUpdate":"08/27/2026"},"geometry":{"type":"Polygon","coordinates":[[[36.97021408018058,-69.33585201643471],[36.97118915541356,-69.3369421943711],[36.970424005567864,-69.33714560771375],[36.970108321005306,-69.33722021534956],[36.966612444383465,-69.33804634480165],[36.962846719765885,-69.33792276684467],[36.961317070752514,-69.33720489979014],[36.95902279993466,-69.3361280747566],[36.95792565710387,-69.33577601149658],[36.95499819106888,-69.33483652036278],[36.95291331149277,-69.33505321881823],[36.95266400406835,-69.33515192032252],[36.95032286619732,-69.33607871710197],[36.94823954715685,-69.33674456481882],[36.94462873189033,-69.3371415716881],[36.94254189268322,-69.3369089310103],[36.94152688519465,-69.3376281173313],[36.93913887672032,-69.33859944859148],[36.93390208901212,-69.33987736121203],[36.92866072383477,-69.33980747047568],[36.92631861917478,-69.33930518356846],[36.924229353348935,-69.33817388441777],[36.921529051970325,-69.33675526388683],[36.919643681738926,-69.33556994488356],[36.916127534781694,-69.33301949934842],[36.91326356925875,-69.33047197049005],[36.91291679052872,-69.33016346212956],[36.91209972556971,-69.32858249877256],[36.90975756005418,-69.32718159876904],[36.905739464505345,-69.32678724521247],[36.90197620798888,-69.3266622587682],[36.89978894394115,-69.3262314498761],[36.89760177298321,-69.32580061205032],[36.89333015331628,-69.32558567288964],[36.890280019422946,-69.32639463383134],[36.887858882940144,-69.32744823376532],[36.88477105611354,-69.32708038097272],[36.88433067889626,-69.32673666029092],[36.88244842191664,-69.32555094508156],[36.88000709525074,-69.32440118400385],[36.87787116008383,-69.32339511539683],[36.87466786798801,-69.32278434383866],[36.87075300068155,-69.3221375804251],[36.86922776770055,-69.32276644489593],[36.868922678928975,-69.32352108256798],[36.86947400717587,-69.3252569860263],[36.869481924927264,-69.32528191486364],[36.86963445085375,-69.32670136686106],[36.868007024462386,-69.32848017097399],[36.867650931871296,-69.32936059422278],[36.86800685768657,-69.33027696429343],[36.86841368441973,-69.33106756037868],[36.86775224767212,-69.33315185034333],[36.86749783272766,-69.3337807316008],[36.86810812506404,-69.33541584773351],[36.86912554158067,-69.33694316147019],[36.86993958853359,-69.33897359284956],[36.87090642165241,-69.34017747821821],[36.873501973124846,-69.34229773408946],[36.874570907216814,-69.34325004601965],[36.876912495911654,-69.34465152293748],[36.877269108301306,-69.34556791614092],[36.8761496215135,-69.3465382805273],[36.87492806014983,-69.34686176257215],[36.86943057578429,-69.34696965349232],[36.86301692586549,-69.34664606843708],[36.861642648502254,-69.34644834673831],[36.85975943655544,-69.34616073852021],[36.85919998244877,-69.34529819884995],[36.85624900116105,-69.34360891363758],[36.852586079688585,-69.34188357242247],[36.85050153211807,-69.33985288944962],[36.84974040549302,-69.33769658291304],[36.85152274067334,-69.3359898018763],[36.85081179113756,-69.33460616460134],[36.84689642137328,-69.33306039348419],[36.84399812403846,-69.33214358242118],[36.84191420064103,-69.33101124926903],[36.83972908371189,-69.32968122638218],[36.838205132478066,-69.32851302093552],[36.83551215080667,-69.32709301229723],[36.831446989811305,-69.32547500123191],[36.82606121845301,-69.32353312699571],[36.82026950219261,-69.32169876558952],[36.81534394223564,-69.31952312126363],[36.81350337859377,-69.31857031376168],[36.81204461929788,-69.3178150787402],[36.81037088710478,-69.31657473161292],[36.808696002697296,-69.31578355045758],[36.805292539099575,-69.31522524737937],[36.79929535300512,-69.31524071257938],[36.79329816149988,-69.31525595605078],[36.790709203027866,-69.31448212438353],[36.786699641185656,-69.31318648525291],[36.77933786933656,-69.31165534178466],[36.776083855530445,-69.31206673148994],[36.77551844408695,-69.3134498651513],[36.77713023065749,-69.31421224371644],[36.77810465633327,-69.3146731144447],[36.78048962549069,-69.31550093725684],[36.78414543591281,-69.3163294037638],[36.78902091116415,-69.31728417506058],[36.79389853219152,-69.3177896194051],[36.799540732115844,-69.31775623171758],[36.8021801980513,-69.31885336365492],[36.805733611588096,-69.32038203851687],[36.81081197159162,-69.32218071760492],[36.81558534391429,-69.32428459637119],[36.81888602201129,-69.32599260011925],[36.82198370994726,-69.32775438963706],[36.82508094466322,-69.32996532710492],[36.826959301273526,-69.33160092433087],[36.82924602651506,-69.33267959923326],[36.83204152176595,-69.33384820499096],[36.83473593778583,-69.33481909437027],[36.840176608933355,-69.3366349793893],[36.843533009789006,-69.33776756624535],[36.845414122238495,-69.33895377730772],[36.84658309981952,-69.34010393250468],[36.847701183873404,-69.34137985635554],[36.84988719778975,-69.34360825351952],[36.85090323022413,-69.3455849402979],[36.84820467665428,-69.34641116871448],[36.84550644436091,-69.34678813231268],[36.84224935251653,-69.34630245077332],[36.83899310557608,-69.34536748398027],[36.83543278979074,-69.34383942141415],[36.832380921026214,-69.34285046597368],[36.82846352575605,-69.34220264121802],[36.82525874861451,-69.34159085845215],[36.82347885917974,-69.34105130103637],[36.82139516685054,-69.33991867341926],[36.81951536933636,-69.33873218029322],[36.81621136979559,-69.3374733318705],[36.81377112411303,-69.33677173971508],[36.80832868575597,-69.3363025883675],[36.80390340891479,-69.3360133561431],[36.79947982438761,-69.33527479570378],[36.796889689002,-69.3340518111059],[36.79394386197889,-69.33281065456102],[36.7894221801956,-69.33142493101087],[36.7859175781289,-69.33021929600224],[36.78409024938548,-69.32935587689666],[36.7822630765248,-69.32849243948748],[36.77819985921568,-69.32732228213627],[36.77500106392778,-69.32626034036949],[36.77200625848533,-69.32514455966373],[36.76733789713675,-69.32323710029256],[36.765462817963474,-69.3220500428436],[36.76389457868071,-69.32055772114354],[36.76329078582284,-69.31937147381905],[36.76248345412838,-69.3182389963072],[36.75949052441667,-69.31712301188972],[36.75547990217733,-69.31627576810686],[36.75157010728327,-69.31562614106326],[36.747204466752216,-69.31476046975564],[36.744003696738496,-69.31459631049368],[36.73836812225702,-69.31372941196268],[36.73496096226926,-69.31406798649596],[36.73151121492522,-69.31318468890672],[36.730350323980375,-69.31203380120209],[36.72786757261421,-69.311007525291],[36.72543037153082,-69.31075383320797],[36.71567534690702,-69.31063704021051],[36.70759806321612,-69.31041354737523],[36.70018766101673,-69.3094537082277],[36.69349284391688,-69.30808107515972],[36.68730613722935,-69.30679857675804],[36.68411535024443,-69.30573491107278],[36.68138841425252,-69.3039889933813],[36.67799470056189,-69.30297887807201],[36.67317119423032,-69.30279342640749],[36.669162573466814,-69.30239324340927],[36.666736151155,-69.30124036094126],[36.66562747134909,-69.30079021487869],[36.66238643206643,-69.29947413446719],[36.658795414725304,-69.29806811676963],[36.655858537951126,-69.29727374415091],[36.65429571603473,-69.2969603993977],[36.65277514272787,-69.29595810253346],[36.64843268290312,-69.2937423843334],[36.64480145742291,-69.2915634850956],[36.64076373273497,-69.28949173889178],[36.63249730053553,-69.2888689875088],[36.6274323795439,-69.28796318835893],[36.6222165346808,-69.28698513814354],[36.61694887307784,-69.28613260151033],[36.61371269124362,-69.28519329579962],[36.6085040064793,-69.28376568049626],[36.60633929883733,-69.28243271797523],[36.60442503451164,-69.28136962434715],[36.60139384752879,-69.2803765225371],[36.597693549514,-69.28011882408681],[36.58861131610316,-69.28015718674287],[36.58313680250784,-69.27980623411021],[36.57994288730658,-69.27963885325941],[36.576150894999316,-69.27873374417162],[36.572418398596206,-69.2772537666886],[36.56949456624931,-69.27600876022873],[36.56354274696411,-69.27376991593758],[36.55778901272741,-69.2719264785173],[36.552429637871924,-69.27087407835059],[36.54718337393476,-69.26912109569095],[36.54175803108379,-69.26909221408918],[36.53889150386974,-69.27073914772204],[36.537865530328,-69.27145564534754],[36.53193394740992,-69.27133557006206],[36.52575344458309,-69.27094527104326],[36.52013935061326,-69.27007090692236],[36.515695446096935,-69.26900130210467],[36.511492842884536,-69.26865070924522],[36.50775089233335,-69.26806749578941],[36.50548856130433,-69.26698452097807],[36.50261516254406,-69.26606181309344],[36.49866195671448,-69.26598092617998],[36.499701082168315,-69.26738456683093],[36.502904782296454,-69.26967341695601],[36.50091965897082,-69.27008209579346],[36.49585703635809,-69.26962134096475],[36.489482330256365,-69.26883397636182],[36.48346270331241,-69.26806517505628],[36.48023558507437,-69.26712325446051],[36.47736331630896,-69.26620009830329],[36.47094605916979,-69.26508853707368],[36.462119304625595,-69.26282092007872],[36.45399417575378,-69.26103968426621],[36.4465699081322,-69.25974492616187],[36.44306976986038,-69.25987943869325],[36.4449735540203,-69.26094436660003],[36.45001428560735,-69.26230488788],[36.4559593706642,-69.26409872958388],[36.460443227832336,-69.26549343813826],[36.46498090796215,-69.26676240772608],[36.47097297321619,-69.26887920248862],[36.473375621225564,-69.27048400305185],[36.473748341087095,-69.27217364109148],[36.47012216562323,-69.27345821643344],[36.46401274221575,-69.2746107486999],[36.45873676227358,-69.27465132047386],[36.45514591050791,-69.27413912357936],[36.450651229740345,-69.27319333911238],[36.44691019437514,-69.27260870950272],[36.44097882054802,-69.27248529833275],[36.43789402158814,-69.27206388719235],[36.434376839281434,-69.27052740888654],[36.42963623667404,-69.26931090618123],[36.422856188742635,-69.26862759654975],[36.41787921004885,-69.26669149740476],[36.41281634995538,-69.26410827465976],[36.405995304069364,-69.26310077868648],[36.397264338210235,-69.26359647280982],[36.39147570123555,-69.26399264111674],[36.38600898658732,-69.26363503865184],[36.38064990543618,-69.26302606733876],[36.37867384124315,-69.26298414622809],[36.37348285092672,-69.26517659275646],[36.373045142613584,-69.26512274715866],[36.36910213134354,-69.26670947783637],[36.36766209511664,-69.26753141003289],[36.36586746362803,-69.2683342625425],[36.36243932834622,-69.2695631467616],[36.361245612564005,-69.27065528457568],[36.35849462538891,-69.27114964042256],[36.35321934149019,-69.27118677085076],[36.35008263552218,-69.27088927285534],[36.3471078679902,-69.27021496338365],[36.344295186297316,-69.26916385426307],[36.33904388371573,-69.26830233008015],[36.33561921827244,-69.26741075184324],[36.33062139303467,-69.26849004692993],[36.32800816455184,-69.26950533983211],[36.32615771195327,-69.27043333268544],[36.31992063651389,-69.27228066125718],[36.31700600418067,-69.27315104060783],[36.31329093962838,-69.27545588006376],[36.31086795311262,-69.27686682718196],[36.30825265381122,-69.27788182674404],[36.305445171757135,-69.27850086537767],[36.30382235788195,-69.27847722959919],[36.30217043258288,-69.27768093807252],[36.30025997108959,-69.27706338016844],[36.29633084230123,-69.27607933806328],[36.293248510936365,-69.27565516495577],[36.290166310553026,-69.27523093312475],[36.28557042005962,-69.27453169499482],[36.279080542720294,-69.2744362576528],[36.27053282850457,-69.27532107311592],[36.26465623625122,-69.2750656355378],[36.25649698233589,-69.2738789837137],[36.25451701709272,-69.27383849597159],[36.25234763442517,-69.27390558195373],[36.25008172001511,-69.27408530182652],[36.24816605970788,-69.2741156273813],[36.246432779223326,-69.27383579626664],[36.24416360708869,-69.27325716544769],[36.24313447998451,-69.27299885935477],[36.23984346071818,-69.27236439968453],[36.237853367176506,-69.27180089739431],[36.23717105321803,-69.27151094150364],[36.236492431795035,-69.27110325629869],[36.23587112796954,-69.27056392454085],[36.234731745216976,-69.27001313780814],[36.23228447120888,-69.26962673892871],[36.22936167123775,-69.2695680920425],[36.226942645909695,-69.26955378350652],[36.22528174183535,-69.26910917810801],[36.22328678539941,-69.26798869705848],[36.22178867879348,-69.26726407277457],[36.21918741537319,-69.26615772197053],[36.2137667219026,-69.26444705286566],[36.210567309765636,-69.26305069445829],[36.203197966919696,-69.26206830356936],[36.197505480658116,-69.26098476783322],[36.193340018934464,-69.25972777777847],[36.18958410525735,-69.25836461518323],[36.18571887639345,-69.25725241913932],[36.18301101374927,-69.25639656876841],[36.1812008203566,-69.25597566622938],[36.17774552616761,-69.25475724027146],[36.174196082363586,-69.25334072165526],[36.17122973475967,-69.25266321751457],[36.1650775479288,-69.25181010917855],[36.16413647540464,-69.2510126676095],[36.16208232744282,-69.25040580805016],[36.15964569645243,-69.24961328222727],[36.158115348761044,-69.24887070539425],[36.15524106138682,-69.24854758367354],[36.150594777991074,-69.24882590037481],[36.14681456538752,-69.24845260288186],[36.1384648471287,-69.24712729396123],[36.13595889004735,-69.24649506306987],[36.13163728604237,-69.24498070058044],[36.12988185772634,-69.24422533385807],[36.129400152987515,-69.24321135516813],[36.13108727517766,-69.24227629606088],[36.1336301191626,-69.2409772123086],[36.13078868956266,-69.23979151072703],[36.127293262912566,-69.23877521431118],[36.123430386586215,-69.23806757004772],[36.118888665314124,-69.23732218696182],[36.11550718857324,-69.23762834708234],[36.11035758445637,-69.23668442980697],[36.10495750453427,-69.23552071472984],[36.100297020211556,-69.23452130833942],[36.09863909608848,-69.23381207010293],[36.095991559111276,-69.23271867141068],[36.090345027768464,-69.23211664943065],[36.086544611111385,-69.23153489511012],[36.08403108398841,-69.2311892632337],[36.079432483429414,-69.23031602691437],[36.076060926375064,-69.22955217335517],[36.072820516854435,-69.22875440511612],[36.069664394339355,-69.22829040535228],[36.06455628193874,-69.22804655613969],[36.0580059098098,-69.22661110295957],[36.053969713116764,-69.22630332420835],[36.049706579204326,-69.22520099785157],[36.0466104351652,-69.2240815251718],[36.04215765336298,-69.22288606010119],[36.040014252988804,-69.22144943677056],[36.0359194614426,-69.2202326512819],[36.03151583540974,-69.21945103881406],[36.02948070697031,-69.21855519601411],[36.02624391845135,-69.2169747411447],[36.021698709963154,-69.21573225358846],[36.018272652692374,-69.21405867806376],[36.01533495611173,-69.21233014040686],[36.0100547089228,-69.2101407180657],[36.006487489840865,-69.20878806082621],[36.003574184802275,-69.20804815617284],[36.001136539767344,-69.20754069233169],[35.99844956501414,-69.20681341168233],[35.996345549365046,-69.2060777494762],[35.99425404889518,-69.2050547187139],[35.99304301310218,-69.20387550379253],[35.99192716342755,-69.20274278645458],[35.98994224645034,-69.20226061431042],[35.98799325179943,-69.20169814072409],[35.98712705369541,-69.20078519122015],[35.98513157657839,-69.19980856358161],[35.98209121669511,-69.19832032682004],[35.979490407627665,-69.19714486368328],[35.974490233313425,-69.19538124073917],[35.971438636867944,-69.19418015625844],[35.969731629311326,-69.19256117888033],[35.966634432875885,-69.19094589761613],[35.96375069038928,-69.18963065933765],[35.960487684588465,-69.18812929624045],[35.95785350543788,-69.18703378918345],[35.95478111506563,-69.18562536390914],[35.95027023846705,-69.18458804057074],[35.94679329819091,-69.18356801597402],[35.94298637779415,-69.18199422158156],[35.9412564660088,-69.18094963858603],[35.939611803574515,-69.17945719988208],[35.937309969715244,-69.17891508480561],[35.934629044876594,-69.17818680603902],[35.93111212229009,-69.17597067539026],[35.92752393096284,-69.17391499984788],[35.924432912829346,-69.17229900162711],[35.922276421016484,-69.17143565755353],[35.91937151088452,-69.1706943179895],[35.91677360343162,-69.17029960702274],[35.91365267912086,-69.1700396935187],[35.9101304511234,-69.16938648259996],[35.907785480555475,-69.16842985937076],[35.90501230486807,-69.1676545630576],[35.902013887018,-69.16686637056151],[35.898871240834524,-69.16639912129305],[35.89445701817478,-69.1661885029295],[35.891634728971,-69.16578053049638],[35.88730687562608,-69.16512192122208],[35.88232532126919,-69.1646316144286],[35.87898029302875,-69.16435815530919],[35.875649358611994,-69.16379732815719],[35.87319802001661,-69.16308094846964],[35.86713275399361,-69.16166382845039],[35.85229403855402,-69.15945553401109],[35.84907353325608,-69.15865345502829],[35.84764082006024,-69.1569660534609],[35.8459173951887,-69.15464456326765],[35.84374385006611,-69.15229720824573],[35.84051031934175,-69.15178225856708],[35.83671022612169,-69.15098772409563],[35.83294677827263,-69.15011287106418],[35.8281883774097,-69.14913952898014],[35.82502848573275,-69.14846381469407],[35.82344515772772,-69.14787877040487],[35.81953840977136,-69.14604859193122],[35.8158723483247,-69.14394402650905],[35.81346544729886,-69.1428832306321],[35.8100100999572,-69.14117667736777],[35.80660774905809,-69.13997554677705],[35.800547239336495,-69.13841992428206],[35.79172541468259,-69.13549854227314],[35.785526368773745,-69.13363273508907],[35.77900922428375,-69.13184872278035],[35.771291718959226,-69.12898985846901],[35.76281065146605,-69.12719175289239],[35.75611881866003,-69.1257984912541],[35.75281158913179,-69.12440046189509],[35.74391317951821,-69.12167239772371],[35.73910090002114,-69.12048803211876],[35.732132702272246,-69.11847445881651],[35.72689069908552,-69.11515396794992],[35.72246794123496,-69.11127795198472],[35.72057090879213,-69.1086546561607],[35.72192604709381,-69.10692454906064],[35.725984191622146,-69.10605556424358],[35.72935353964326,-69.10484485578539],[35.73124470769644,-69.10193995258912],[35.73485416412853,-69.10204970592356],[35.73865437164419,-69.10297448548245],[35.74017158198462,-69.10396730207972],[35.743856547404675,-69.10699572164096],[35.74680283629277,-69.1091770733391],[35.7502349561686,-69.10967809117733],[35.75653809058824,-69.10944132052943],[35.762981569545104,-69.1095139432583],[35.766489831556456,-69.10861208275016],[35.77017608947829,-69.1073185167424],[35.77469175834244,-69.1066759329366],[35.779680968146366,-69.10746754044041],[35.78500399901266,-69.10938368235355],[35.78894872546412,-69.11061691453213],[35.793954573036416,-69.11261481368672],[35.7995315249525,-69.11273627516617],[35.80679148459839,-69.11225135512933],[35.813147263181804,-69.11251780298078],[35.823095981411555,-69.11479979285791],[35.83175440583811,-69.11620293679816],[35.84114005122575,-69.11724547887982],[35.84675365148802,-69.11666400111919],[35.856067891003036,-69.11599349555031],[35.859715149554695,-69.11539914513413],[35.86488633764378,-69.11579638464778],[35.87112148269206,-69.11695771846613],[35.88097042223436,-69.11822528646712],[35.887986872210924,-69.11953107759152],[35.896069150713465,-69.12160067420365],[35.903922402111746,-69.1235562451666],[35.91068940515242,-69.1235406751563],[35.913007199805534,-69.12276879115515],[35.91269935382433,-69.12094300043309],[35.90838848225819,-69.11900126426396],[35.90253389260132,-69.11718818459761],[35.89647649655732,-69.11542754189827],[35.88971745851722,-69.11362647488396],[35.88340200714121,-69.11204335498623],[35.875240161272636,-69.11016122291913],[35.866998478955146,-69.10685946468476],[35.862226649687074,-69.10465661998546],[35.86036783458252,-69.10358540113887],[35.85780697053373,-69.10247382170007],[35.85284525129045,-69.10109558885152],[35.848858434926115,-69.10035194550248],[35.84448677169522,-69.09926453949492],[35.841349905710935,-69.0986338876395],[35.83636755198116,-69.09770396769753],[35.83140872763456,-69.09536829605825],[35.830256892876406,-69.09460229304932],[35.82946017815601,-69.09381560123092],[35.82540346309548,-69.09259396337966],[35.82371561258633,-69.09224966684567],[35.82141980704287,-69.09121180088945],[35.81953705783512,-69.09028004620819],[35.81737886231692,-69.0897027434529],[35.81488732076344,-69.08935307818393],[35.81300503991905,-69.08842125220632],[35.812245544764444,-69.08755427909729],[35.812065558098276,-69.08667963535419],[35.812015996073484,-69.08577137569814],[35.811329270411065,-69.08474398537103],[35.809650613725026,-69.0836180980272],[35.806806992166756,-69.08201327320207],[35.805280592965744,-69.08106074504913],[35.80352989865412,-69.08009521972579],[35.80161264315047,-69.07924349348703],[35.79922538444731,-69.07815875468846],[35.795977146841004,-69.07694179786634],[35.79318422474416,-69.07624500065613],[35.79218652662681,-69.07565217714938],[35.792665506780594,-69.07510375699393],[35.79170425293133,-69.0744307282521],[35.78984562986846,-69.0737056811295],[35.787944714631145,-69.07256659927337],[35.78636231323749,-69.0714871135829],[35.78617757691098,-69.0701182730419],[35.788502621117004,-69.06930653485689],[35.789690830654074,-69.068716950516],[35.7908638452312,-69.06841456311085],[35.792991632172345,-69.06829097183031],[35.794952721468626,-69.06828115630981],[35.79630477528328,-69.06885334165503],[35.79762056374547,-69.06950571952132],[35.79874845021563,-69.0700648935396],[35.80071605097825,-69.07054921882823],[35.803096095819186,-69.07113969672811],[35.80578817210406,-69.07129550402718],[35.808820080834536,-69.07171783964718],[35.810708903187724,-69.07186824322639],[35.813524795969,-69.07149609265042],[35.8143859141192,-69.07162818172255],[35.81564468959414,-69.07215362232824],[35.81516639583177,-69.07270210554219],[35.81717765162758,-69.0736002402656],[35.820601093129866,-69.07392149203473],[35.822338328458926,-69.07389838031587],[35.82430685517,-69.07438242167996],[35.82635491763908,-69.0752002349763],[35.828902790923564,-69.07567649902394],[35.83165353520932,-69.07595866635246],[35.83511380410391,-69.07619939818404],[35.838031206478895,-69.07636760737292],[35.838863689623885,-69.07579834662853],[35.8400652709518,-69.07492116216099],[35.84130315377124,-69.07523940447776],[35.844930324761926,-69.07664172096551],[35.84990465132697,-69.0781214918589],[35.8539599589502,-69.07934245448887],[35.85965932655135,-69.08049323808807],[35.862230602420155,-69.08117598245775],[35.863867972154864,-69.08188730609379],[35.86544734955527,-69.08247183338852],[35.868381862284195,-69.0836279485911],[35.87098990256361,-69.0842303365359],[35.87502844421949,-69.08503709965393],[35.87579065241792,-69.08523271111865],[35.87637193821886,-69.08548697080782],[35.87681465018212,-69.08570566471371],[35.87824057687847,-69.08601527763761],[35.879386583409755,-69.08608791753575],[35.88051073712531,-69.08616619775707],[35.88176745430132,-69.08629349095894],[35.882806983643995,-69.08656019188844],[35.883343052625754,-69.08676447598376],[35.88445143819873,-69.08755271373929],[35.885764298549816,-69.0882009789798],[35.88691366662804,-69.08868818128877],[35.88881942168742,-69.08906702635402],[35.8907989976004,-69.0892815420038],[35.892796871574745,-69.08966560995115],[35.8946529856024,-69.09026062406085],[35.89778249471148,-69.09096219580718],[35.900353006335436,-69.09122724674478],[35.90334303683097,-69.09181959660988],[35.907015960914556,-69.09246777217683],[35.909980605469656,-69.09332816816259],[35.91167374196532,-69.09376196014567],[35.913810395054945,-69.09373234142299],[35.91441038198374,-69.0938677245956],[35.91543930319987,-69.09441520396247],[35.91826295273668,-69.09548644411932],[35.92082338070413,-69.09598647849238],[35.92492615233416,-69.09620370282728],[35.92855955469704,-69.096309796624],[35.932418160078285,-69.09696789571355],[35.93465356087538,-69.09766822872764],[35.93689560036869,-69.09909351962732],[35.93959823311521,-69.10054499213292],[35.942234534272686,-69.10172300489886],[35.94501254727155,-69.10268995567712],[35.94868060711949,-69.10293230747011],[35.95330933541904,-69.10292585817746],[35.958302183659434,-69.1027377522168],[35.96217022238343,-69.10263728330018],[35.96341729857445,-69.10216887679094],[35.96240033242781,-69.10190892492894],[35.96042820143477,-69.10178007348628],[35.95717767526235,-69.10134265261424],[35.95322011564788,-69.10079756430024],[35.948995960234825,-69.1003214609636],[35.946679868556714,-69.10022341706556],[35.94484938598562,-69.09988335191913],[35.942046416252296,-69.09918458550361],[35.94068703855165,-69.09863536062979],[35.939599892857316,-69.09789940590846],[35.939146404071316,-69.09743544608247],[35.940617299081325,-69.09691964331566],[35.94498214814244,-69.09596282187793],[35.95023745184583,-69.09616138387393],[35.95572349974215,-69.09647332160013],[35.95656537632268,-69.09521549532745],[35.95717652465408,-69.09384412434788],[35.9622007518588,-69.0939287491242],[35.96612218185716,-69.09585884117008],[35.964906704186625,-69.09669373538473],[35.96917774617009,-69.09784010286036],[35.976769043475564,-69.10019903959643],[35.979411376238154,-69.10073449081473],[35.98281202692971,-69.10118430472784],[35.984936243712475,-69.10207595012123],[35.98959220307579,-69.10375364997162],[35.99336206857178,-69.10499539934841],[35.996189765764356,-69.10592665643725],[35.9973358785194,-69.1061842981724],[36.00060746831353,-69.1073333838434],[36.004211786658026,-69.1089511017827],[36.009925118041615,-69.11068780299603],[36.014437155767986,-69.11229220209715],[36.018765076323696,-69.11350042812762],[36.02198350546594,-69.11477451554916],[36.025609369364545,-69.11594293593323],[36.0287545579324,-69.11657001659954],[36.03500884783115,-69.11872171337632],[36.043374154866584,-69.12099180149119],[36.047873034192826,-69.12304417792623],[36.05159461973155,-69.1244100590884],[36.05407595418694,-69.12532060233735],[36.0622446300708,-69.12886378951907],[36.07068995500612,-69.13055821369447],[36.07680168312225,-69.13141459465713],[36.07274285045012,-69.12958068593797],[36.0702953075208,-69.12777266657054],[36.064700359779366,-69.12533828802232],[36.063755828778106,-69.12502825762576],[36.05651654415437,-69.12346530406481],[36.05534915036299,-69.12243576431779],[36.05347860186377,-69.1213667290074],[36.051145899518794,-69.1205287763544],[36.046332973421556,-69.11878018410216],[36.043981727508466,-69.11716983868259],[36.036764470537875,-69.11393603402477],[36.02914259127765,-69.11080755349472],[36.02374183979036,-69.10998903664573],[36.0203019469457,-69.10921664388182],[36.019710679928465,-69.10770506757937],[36.016752488896806,-69.1062527636813],[36.01764048335404,-69.10546734855484],[36.02043289136928,-69.10485363956927],[36.024944609641146,-69.10523660466245],[36.02925309659871,-69.10567225132864],[36.0342090390953,-69.10627277081994],[36.03822198311094,-69.10656297640527],[36.04317840627311,-69.10716322137502],[36.04935534593971,-69.10744632119376],[36.0561995459711,-69.10866635669862],[36.061194529403465,-69.10958947429148],[36.067894456822295,-69.1119575742172],[36.07328274555387,-69.1144446057081],[36.077283424134464,-69.11640384738905],[36.08341516472249,-69.11925338926636],[36.08901067334724,-69.1216870706772],[36.093327932550636,-69.12334219144003],[36.097980672640595,-69.12546572945111],[36.10604220569799,-69.12803638546997],[36.108988296821536,-69.12871482557027],[36.11336367119404,-69.13024399555424],[36.11807505673167,-69.13224154451218],[36.12675211305282,-69.1346524411427],[36.13149828479418,-69.1357518383268],[36.1376755917619,-69.13770168436149],[36.14664736062352,-69.13903533631088],[36.15710675108534,-69.14109344616557],[36.16349154236175,-69.14298935677203],[36.17108271047754,-69.1450159814762],[36.17583367980563,-69.14611410388686],[36.181031499133475,-69.14742951198394],[36.18964317239487,-69.14919025241063],[36.19901993090327,-69.1491937215035],[36.184638361263566,-69.14660084293993],[36.17026728325402,-69.14233654357724],[36.16187914243108,-69.1400729210347],[36.15451745659795,-69.13876525297135],[36.14752459522246,-69.13702789764857],[36.14192706537157,-69.1329260357974],[36.13506962707932,-69.1317095651692],[36.12402346277149,-69.12935999166326],[36.1173278618716,-69.12654522926698],[36.10807868300152,-69.12339486675407],[36.10460730968648,-69.12063078267113],[36.09987867443804,-69.11786061989244],[36.09222859959214,-69.11518395944856],[36.08543174588673,-69.11261886391947],[36.08128286566032,-69.11058728969941],[36.07613277277153,-69.10714999385574],[36.06926531911125,-69.10393744527086],[36.061127157617605,-69.10238823557789],[36.05616964440258,-69.10056746182893],[36.05430105402582,-69.09949850923627],[36.0558898105322,-69.09875238311237],[36.05984439142566,-69.09794637723692],[36.06500035342735,-69.09727200688741],[36.06919762148632,-69.09795741258628],[36.07535471032663,-69.09868833907727],[36.08371293567386,-69.0997350951127],[36.09087373305667,-69.10187098167032],[36.095735120007696,-69.10334328006874],[36.09934946707643,-69.10482022666253],[36.10152002342718,-69.1061752646891],[36.10696991037189,-69.10767231589251],[36.111503716324506,-69.10784320444007],[36.11574233749929,-69.10816198270768],[36.12271559476066,-69.10855086375742],[36.129214497539145,-69.1087074007054],[36.139932201243724,-69.10975635185345],[36.146605789806586,-69.11136105059933],[36.15471060310155,-69.11259259713125],[36.16270149338757,-69.114351899103],[36.16803788786814,-69.11559354467576],[36.1760115958021,-69.11792675588843],[36.18518251872948,-69.12016125283768],[36.19002708413856,-69.12174486759764],[36.19465983396382,-69.12195978925506],[36.199311535065206,-69.12160001031651],[36.20339891182082,-69.1217434449664],[36.20919931469693,-69.12272131975747],[36.214922993927445,-69.12334526463817],[36.21976568743557,-69.12463993597231],[36.22280949898394,-69.12551419844024],[36.226408557522056,-69.12635471324819],[36.23056291318164,-69.12716144412478],[36.233458736470354,-69.12796308784965],[36.237112913994515,-69.12867787872257],[36.23991458406457,-69.12928149987776],[36.24412427798901,-69.12996239421385],[36.24692633136865,-69.13056589551165],[36.25147492747469,-69.13171481988917],[36.25521168395318,-69.13307601208872],[36.25977471331527,-69.13377580784649],[36.263877795134185,-69.13470719737543],[36.266775995444185,-69.13550825921635],[36.27360159651326,-69.13639572093423],[36.27610732057549,-69.1368539528241],[36.27990067053364,-69.13808908397232],[36.28269198682224,-69.13914088740884],[36.286717573847966,-69.14109504876416],[36.29127075363703,-69.14224288390645],[36.29598277594588,-69.1413438913367],[36.30047881726697,-69.14094683463414],[36.30606037084334,-69.14137954977545],[36.30962412690448,-69.14189484427659],[36.31393414636576,-69.14277181103203],[36.32039986717282,-69.1440870485021],[36.32792335516505,-69.14545947293134],[36.335585426715454,-69.14735280872004],[36.34003540864043,-69.14875035023763],[36.34402629522165,-69.15037973624462],[36.347826269157984,-69.15161331472748],[36.35433922509285,-69.15325062045446],[36.35820518549288,-69.15390948672028],[36.363374321357966,-69.15489562988282],[36.367187365155566,-69.15567982681665],[36.369494532578095,-69.15618987271435],[36.37431223478636,-69.1571566153872],[36.376566278970074,-69.157792111135],[36.38038037103613,-69.15857600238644],[36.38384215056955,-69.15934078177236],[36.385701356539414,-69.1596337340305],[36.392091311771836,-69.16029936666727],[36.40100527428598,-69.16309131491757],[36.40653151099033,-69.16409508565876],[36.413309428955436,-69.1655512100728],[36.41622786136585,-69.16590069199678],[36.42080374205241,-69.16659598387703],[36.430289879895916,-69.16890303181972],[36.4360465932316,-69.1710738064417],[36.44347222607231,-69.17314105591745],[36.449965166951756,-69.17400223219732],[36.45635261440202,-69.1751143139669],[36.46132888548737,-69.1761507316457],[36.46586453414409,-69.17652137388097],[36.47014444233992,-69.17707085378916],[36.47492762826442,-69.17771125447514],[36.47672824975564,-69.17857774038895],[36.48139768189675,-69.1799181154641],[36.48542290429381,-69.18064617877329],[36.49011848087496,-69.1806393591211],[36.495264470768625,-69.18084897189618],[36.49853958374633,-69.1812157584428],[36.50338545883282,-69.18128073856144],[36.50838952146063,-69.1809687656603],[36.51325108324232,-69.18013548082973],[36.51741386746824,-69.17881560585427],[36.51971332986917,-69.17720423107454],[36.521952149594746,-69.17616741386372],[36.525287180260435,-69.1759590676193],[36.52880991912175,-69.17659516138123],[36.53197238565796,-69.17766145793377],[36.53563852926977,-69.17881854215288],[36.53914751381864,-69.18035238287699],[36.54222052188772,-69.18077174396042],[36.54413644582729,-69.18093727034456],[36.551139605078966,-69.18188520387086],[36.55532500092491,-69.18223467394765],[36.55975889708763,-69.18285391439213],[36.56201477177375,-69.18393584917717],[36.56417285624056,-69.18482000863747],[36.56937301296061,-69.18490163374345],[36.57250621315373,-69.18474580611375],[36.576496258523804,-69.18469924221898],[36.58441774636906,-69.18518043919153],[36.58784565903158,-69.185617521673],[36.59406582766519,-69.18498172534508],[36.59760426954728,-69.18471834244001],[36.60194749432512,-69.18468970497932],[36.60542783001088,-69.18500077843893],[36.60931363861077,-69.18520467237765],[36.614004575924426,-69.18564323611072],[36.61849858634205,-69.18568623209522],[36.62400044390099,-69.18591024508032],[36.62879052276692,-69.18654609099018],[36.63332108489747,-69.187810023754],[36.63911491321737,-69.18907564772103],[36.644014995234926,-69.18901074994625],[36.64543337128156,-69.18863556605207],[36.64852444774246,-69.18770590857524],[36.65237373421355,-69.1866874200651],[36.655247441620624,-69.1871582389814],[36.65907306016867,-69.1883845855996],[36.66233859678584,-69.19009505445273],[36.6647470141235,-69.19169661401202],[36.66881955662867,-69.19364148049151],[36.67309549306649,-69.19553262060313],[36.676065822460544,-69.1966497814683],[36.682714588789196,-69.19892069569272],[36.694538723919166,-69.20486111380426],[36.699416104778194,-69.20793771222955],[36.7035431264802,-69.21020515415285],[36.70591282241976,-69.21103380745595],[36.70934060589467,-69.21236640758771],[36.714641139998996,-69.21353909836134],[36.721306283389794,-69.2149104594675],[36.72560112142723,-69.21545320915268],[36.7310123945653,-69.21547592034369],[36.73338984813004,-69.21540610231936],[36.73758524766524,-69.2157508706102],[36.74182650202962,-69.216867919942],[36.744955018618434,-69.21805585194029],[36.747073319073124,-69.21906334206528],[36.7502538047678,-69.2201254849305],[36.753842504081,-69.22063104027495],[36.75995835368991,-69.2215873083517],[36.76339380409095,-69.22246975199016],[36.76672481413396,-69.22405258099613],[36.769296911203284,-69.22572468848277],[36.7714640813354,-69.22750429079142],[36.77373615822816,-69.2285834018786],[36.77686834081515,-69.22977075774646],[36.7829368720219,-69.23085188979381],[36.78778998454257,-69.23225551012618],[36.79512530027432,-69.23333683102877],[36.79836475046628,-69.23337422343786],[36.803474695820405,-69.23414880134581],[36.806459226134095,-69.23481462173686],[36.81187445721917,-69.23528369006586],[36.81602551907594,-69.23530309069533],[36.82012565559085,-69.23544810861587],[36.82397130827506,-69.23622164751139],[36.828812560801744,-69.23743261184042],[36.8315269764609,-69.23859578057146],[36.8334130352846,-69.23924368820218],[36.83598278319397,-69.24039939793218],[36.83809703878898,-69.24121652885415],[36.83950581161957,-69.24231309524545],[36.84047915226973,-69.24338750109712],[36.84124545934933,-69.24424113546651],[36.84140967290761,-69.24548462544197],[36.83877368265994,-69.24632292533472],[36.83597265281501,-69.24646951765114],[36.832301654822025,-69.24583593548032],[36.82894177255822,-69.24534950504594],[36.82570519320833,-69.24547373452634],[36.82373201305414,-69.24650327270446],[36.822982973079924,-69.24743749759593],[36.82289567377224,-69.24929900480414],[36.82407548081827,-69.25059432940023],[36.825941551119904,-69.25129384739154],[36.828929533730445,-69.25141971727857],[36.83380711298866,-69.25090582740256],[36.83681652383983,-69.25061215605913],[36.84005412503906,-69.25030375516126],[36.84123663892723,-69.25049527407594],[36.84233589330252,-69.2508927914517],[36.84322748163988,-69.2514374254047],[36.84521940182311,-69.25164376298302],[36.846589347483636,-69.2513717244055],[36.84805283150318,-69.2513696866745],[36.85195373635717,-69.25156776690233],[36.85403042120297,-69.25225060326267],[36.858335665950065,-69.25458625500418],[36.86233822407561,-69.25587988860704],[36.86705083972385,-69.25676027082066],[36.86948331197749,-69.25746088928321],[36.87262554461218,-69.25864649039184],[36.87815028340364,-69.25976007437073],[36.882509389608984,-69.2601729672233],[36.88661538885034,-69.2607654119983],[36.888187212438076,-69.26135805865835],[36.89011442400638,-69.26241771799815],[36.88895040413529,-69.26441189539514],[36.89098001193174,-69.26611826157037],[36.89280669789196,-69.26742941961959],[36.89448358967625,-69.27046519067805],[36.89468746430544,-69.27130950129381],[36.89397956936199,-69.27307015620956],[36.89367720042184,-69.27472296900217],[36.895910497863426,-69.27592627743861],[36.89834752330351,-69.27752475410745],[36.90464193939217,-69.27989492407929],[36.90677380264522,-69.28045137360664],[36.91022560145133,-69.28133084806323],[36.91393295898901,-69.28292879609059],[36.91850276682456,-69.28418506714239],[36.92490120758194,-69.28585380998832],[36.92982767698284,-69.2871276164243],[36.93429585061363,-69.28773673138977],[36.93587261813956,-69.28877810589864],[36.93445691900828,-69.29050338853042],[36.932632410140485,-69.29143832913728],[36.929386079515226,-69.29230191620853],[36.92776409126534,-69.2931828338936],[36.92802256487387,-69.29479968011606],[36.928485327063214,-69.29681171549866],[36.92965923376318,-69.29885943363226],[36.92991926257054,-69.30092546381555],[36.929415081686,-69.3021832977129],[36.93104449263057,-69.30354814398258],[36.93460206585102,-69.30417559030896],[36.938309460007645,-69.303976435338],[36.94201518344872,-69.30332803243861],[36.944147246340755,-69.30298570598283],[36.947549027368716,-69.30264274825015],[36.953546059349165,-69.3035201203089],[36.95786780991187,-69.30450599115152],[36.96366705236489,-69.30633533463453],[36.96575736106258,-69.30791518397574],[36.96683311347533,-69.30976512580669],[36.967605651406615,-69.31192069399744],[36.96914461604608,-69.31488432697232],[36.97016639647897,-69.31596172908328],[36.97592455991783,-69.31881486474926],[36.978017113067054,-69.32039461633728],[36.9795007912688,-69.3221364688826],[36.979818804448776,-69.3245259486903],[36.98003167175448,-69.32626867447824],[36.978363800496794,-69.32817439015191],[36.974659344469764,-69.32972206847865],[36.97105478967235,-69.33101805361008],[36.969431512792696,-69.33189949314546],[36.96918688555281,-69.33387613974472],[36.97021408018058,-69.33585201643471]]]}},{"type":"Feature","properties":{"id":"A85","name":"Iceberg A85","latitude":-62.85125,"longitude":-53.38091,"length":"10 NM","width":"3 NM","areaSqKm":62.62,"status":"Current","lastUpdate":"08/27/2026"},"geometry":{"type":"Polygon","coordinates":[[[-53.55846492373176,-62.830558831152906],[-53.55805882556526,-62.829086213758806],[-53.55588417132436,-62.82825354074822],[-53.554283670354614,-62.827224856898695],[-53.55232185654798,-62.826006945353186],[-53.5507216283368,-62.82497822959854],[-53.54910108447254,-62.82382422071272],[-53.54593057818557,-62.82262229550205],[-53.5432033090119,-62.82211062403523],[-53.53861144930282,-62.821309680115625],[-53.53359756483224,-62.81994349006515],[-53.53112430767917,-62.8192969708595],[-53.529237101736314,-62.817849528130104],[-53.52757728876672,-62.81644473368769],[-53.525483620468265,-62.81507984934099],[-53.522743244197606,-62.81413995858397],[-53.52030532983308,-62.81404630081808],[-53.51813515367851,-62.81424582289595],[-53.51491022425425,-62.814732955138425],[-53.511877980489025,-62.814709636881766],[-53.50878504479497,-62.81431042594032],[-53.50335396865959,-62.81341071358525],[-53.5017578130698,-62.81341422685478],[-53.49879260766033,-62.813463910622104],[-53.49526708002954,-62.81413700386166],[-53.49181462601914,-62.814580811545426],[-53.487193434071976,-62.815290554321436],[-53.482892570066404,-62.81593898947895],[-53.47893870709914,-62.81634889520676],[-53.47487116243274,-62.81673729259209],[-53.47162506048852,-62.817098033750916],[-53.46795137159112,-62.817195902992225],[-53.46537977957436,-62.81695449778636],[-53.46285500704979,-62.81666110011651],[-53.46028326426049,-62.81745241565395],[-53.45709685602004,-62.818188632524205],[-53.454518456777,-62.818249520975655],[-53.45032361109189,-62.81818792560251],[-53.445500455338795,-62.81867610947519],[-53.438078678729674,-62.81909937659036],[-53.42740960677675,-62.819881790888545],[-53.42001960799833,-62.82085708414504],[-53.41156776859422,-62.821388392937216],[-53.403776975249876,-62.82192253316734],[-53.394663082592466,-62.82244931661964],[-53.38223845594252,-62.82399082008545],[-53.375472006501816,-62.82544672894516],[-53.36813723220362,-62.82679488774965],[-53.36214431066057,-62.8282751499283],[-53.35654186691964,-62.83049805458918],[-53.35319394558122,-62.83199243902252],[-53.34861169921438,-62.83440846444572],[-53.34441624637431,-62.83683695427952],[-53.34213574503232,-62.83847268555379],[-53.339622828510805,-62.84109829915869],[-53.33604336099997,-62.8443125901385],[-53.33347925072952,-62.84625964263631],[-53.331288481740444,-62.8470610418354],[-53.32193196488988,-62.846078753467445],[-53.312210089006506,-62.845938789132106],[-53.30648164621502,-62.84667727623131],[-53.29827416315053,-62.847066853936056],[-53.29092936221803,-62.84841061247011],[-53.28421788535345,-62.849935180259365],[-53.28060675581556,-62.85083142180416],[-53.2762491466795,-62.85225513703277],[-53.27041612694781,-62.854128729474446],[-53.2648475970867,-62.856295881304085],[-53.26156749597789,-62.85828931459952],[-53.25425957297725,-62.86353388357596],[-53.247648733130944,-62.86830258540579],[-53.235014624517255,-62.87825552811943],[-53.23068107488717,-62.88300456530864],[-53.22912787460789,-62.88526363735714],[-53.22956168707784,-62.888132787914984],[-53.23733333363984,-62.896344314252495],[-53.240371109215474,-62.89970803120508],[-53.24268541060468,-62.90107646440888],[-53.2497352240347,-62.90171851929963],[-53.260072777737655,-62.90042997007798],[-53.26751808857209,-62.899520825253525],[-53.27391470761057,-62.8986446175561],[-53.28059826465097,-62.896893984080094],[-53.28843579596331,-62.89443338023661],[-53.300341279585865,-62.88694066143243],[-53.311889070571986,-62.8826296741174],[-53.32444856096478,-62.8794381651065],[-53.3359577480852,-62.876279329573094],[-53.34717928938738,-62.87399364557665],[-53.35316379486886,-62.87187723444789],[-53.36391816441077,-62.87066231217048],[-53.37643603351133,-62.86861996371961],[-53.38534880551065,-62.86775164707139],[-53.391988169991855,-62.86714951656429],[-53.400286969333116,-62.866396360646704],[-53.4136675051441,-62.86451400824488],[-53.416765788585955,-62.86421107853825],[-53.420406920710185,-62.86271300135885],[-53.42561816796668,-62.85970633989513],[-53.429875544810315,-62.85775457286401],[-53.43484287032937,-62.855936549353515],[-53.44402147803994,-62.85405710700668],[-53.449571704086814,-62.853203228812234],[-53.46083819524966,-62.852000921783386],[-53.46852974100526,-62.85107466663025],[-53.474956031797035,-62.84924553426735],[-53.47779783183174,-62.84816613597813],[-53.48254072389536,-62.84658985242865],[-53.48799362406377,-62.84514698206923],[-53.4889964583404,-62.84495580379573],[-53.493384475555544,-62.84492629500695],[-53.49862915774216,-62.84486777368068],[-53.50743427844882,-62.843389743133876],[-53.51257113625068,-62.841602124306846],[-53.51630832546701,-62.84021596350536],[-53.52347093936818,-62.83871359658086],[-53.528691852623474,-62.83798534349706],[-53.53272335940439,-62.83788778603513],[-53.53896872954375,-62.837636049897164],[-53.54500440569809,-62.83715493324665],[-53.547518630422665,-62.83620313701907],[-53.55215036312661,-62.83450976784106],[-53.556102918972606,-62.832878798503614],[-53.55846492373176,-62.830558831152906]]]}},{"type":"Feature","properties":{"id":"B22H","name":"Iceberg B22H","latitude":-70.20914,"longitude":163.72713,"length":"8 NM","width":"6 NM","areaSqKm":75.47,"status":"Current","lastUpdate":"08/27/2026"},"geometry":{"type":"Polygon","coordinates":[[[163.7832262306791,-70.25752935214514],[163.78256370033347,-70.25733617827387],[163.75908345990055,-70.25826349165186],[163.74202632551777,-70.25562094362003],[163.71444997562924,-70.25429639277577],[163.70291433929148,-70.25519009873955],[163.68965884438475,-70.25501052160999],[163.67473835702424,-70.25430248157558],[163.64816807301926,-70.24989968812575],[163.63273885114324,-70.24373576588151],[163.6193855654817,-70.23896740429899],[163.61263515790358,-70.23576503681377],[163.61021206338603,-70.22705891727028],[163.61589025123843,-70.21881222277517],[163.61960651238942,-70.2137517274649],[163.6185920493221,-70.20634086857334],[163.61471772615045,-70.20278071117147],[163.60094865751577,-70.19620291285092],[163.59932013075783,-70.18631109057259],[163.60015065553822,-70.1837383273176],[163.59914217594576,-70.1828076375788],[163.5989608827196,-70.1798887915281],[163.5991382734281,-70.17733479320086],[163.59770311587445,-70.17465932811507],[163.59913567007692,-70.17368627914996],[163.60023564331095,-70.17327876275601],[163.60307555584623,-70.17222651701493],[163.60978777922531,-70.17128075898292],[163.6104186697692,-70.17119184932335],[163.61382086263515,-70.17040080753065],[163.62223827977115,-70.16985190270287],[163.62886416753622,-70.16930305338859],[163.63799906830639,-70.16948286900809],[163.63997062612296,-70.16996870234723],[163.63921456945369,-70.17096720772183],[163.63972654938462,-70.17097055255081],[163.6434960521252,-70.17343959227668],[163.65157730062427,-70.17389706488753],[163.65553492237476,-70.17156192624796],[163.65701636493648,-70.16945163931372],[163.65856028456577,-70.16698350272469],[163.66431330981297,-70.16588496964891],[163.6716480747429,-70.16423959108536],[163.67264750873767,-70.16401694246741],[163.67792718905733,-70.16412985119402],[163.70108101804044,-70.1646230414616],[163.7051418800017,-70.16580009449356],[163.70630574959895,-70.16604359812337],[163.70855468096374,-70.16743942843361],[163.7110745022972,-70.16938340712366],[163.7151982451029,-70.17178661519551],[163.71680670426392,-70.17359053415211],[163.71789565423637,-70.18044769033607],[163.71526274564386,-70.19498857878949],[163.72182438871806,-70.18639847013375],[163.72195409430824,-70.18425368136415],[163.7323072638441,-70.17288094158909],[163.73710305666847,-70.17038599859269],[163.74236773253102,-70.16933041983202],[163.7491248549051,-70.1686234920188],[163.75564339156668,-70.16690469773206],[163.75963741549262,-70.16495478867617],[163.7667321976918,-70.1638187329467],[163.77681425181683,-70.16357409282487],[163.78438061620236,-70.1638766582878],[163.79321526103897,-70.16487783070855],[163.80078237717836,-70.16517966662073],[163.8077678085167,-70.16470360190353],[163.8202601271939,-70.16476449756806],[163.8281782311864,-70.16560944914106],[163.8300305216742,-70.16708560988731],[163.8300550049212,-70.16903142432393],[163.83002998302274,-70.16982877022636],[163.82997318353085,-70.1716389971599],[163.83183357861506,-70.17369891904642],[163.83415153334025,-70.17564140258347],[163.84048169933357,-70.17808931126213],[163.84169474767222,-70.17948069597682],[163.84194374436524,-70.17969678882879],[163.84478027232328,-70.18215813837242],[163.854564973142,-70.18578389608916],[163.85482002097524,-70.18678696618557],[163.8502844937212,-70.18990001750876],[163.84677024809284,-70.19309690986375],[163.84385466863105,-70.19823885934886],[163.84472115051915,-70.20294694152601],[163.8464827961828,-70.20586331653877],[163.85277206858458,-70.20923124685815],[163.841119044664,-70.22464633054145],[163.8401557296338,-70.22691906815457],[163.8388023972206,-70.22747874166244],[163.8226330864046,-70.23951184188485],[163.80550084759398,-70.24683189300985],[163.80439827342093,-70.2494259012208],[163.80598949045205,-70.25245921682165],[163.8041928692498,-70.25460416155107],[163.79636151416025,-70.25920925593842],[163.79176645317,-70.2568824183042],[163.78633418907367,-70.25655205031322],[163.7832262306791,-70.25752935214514]]]}},{"type":"Feature","properties":{"id":"B22F","name":"Iceberg B22F","latitude":-67.16041,"longitude":-176.58204,"length":"14 NM","width":"7 NM","areaSqKm":226.42,"status":"Current","lastUpdate":"08/27/2026"},"geometry":{"type":"Polygon","coordinates":[[[-176.39675716015287,-67.18086814937779],[-176.40002931310858,-67.18375507908951],[-176.41117652563938,-67.18506986267589],[-176.42462385504282,-67.18907964566897],[-176.43252948993262,-67.18956364973893],[-176.43747232596564,-67.19097513324617],[-176.44417536988564,-67.19288872564735],[-176.4512141297988,-67.19399471080325],[-176.45545585788545,-67.19474800566985],[-176.45920947874322,-67.19541447380143],[-176.4580978260448,-67.19594962547585],[-176.45689737178057,-67.19639749223678],[-176.45754753763293,-67.19656713500407],[-176.45872824682309,-67.19806683587088],[-176.4588706764547,-67.19971819749482],[-176.4602337613978,-67.20020928600505],[-176.4685355272692,-67.20138102719218],[-176.47524835428666,-67.2036631996039],[-176.4761687092057,-67.20384979238499],[-176.48767978731533,-67.20467553363792],[-176.4934623642775,-67.20661008565818],[-176.49483399353375,-67.20668422302808],[-176.5156929596623,-67.20721310906879],[-176.53314378803398,-67.20770734220126],[-176.54411177900394,-67.20962786736621],[-176.54984574168756,-67.21348367822178],[-176.55149287285337,-67.21632215019122],[-176.56532665651,-67.21755672315943],[-176.58946274911068,-67.22298523589153],[-176.59583423936695,-67.22295207393076],[-176.6080816606588,-67.22226138707164],[-176.61626238781602,-67.2245594101185],[-176.61411675274346,-67.23124415717811],[-176.61351049331338,-67.23514577527463],[-176.615834144325,-67.23575211029575],[-176.62844881359376,-67.23780496003897],[-176.64076695313145,-67.23902041399504],[-176.76409976787448,-67.23976808141808],[-176.7660532847803,-67.24038086829268],[-176.76957114983034,-67.24139091999668],[-176.7727614471896,-67.24082963599226],[-176.7755745733475,-67.23942451802078],[-176.77692528457652,-67.23524957070153],[-176.7706542480058,-67.23091926933103],[-176.77013790005026,-67.22853632312993],[-176.7688914906533,-67.22278209845814],[-176.77533969897317,-67.21713602212851],[-176.78891146000132,-67.20119182106953],[-176.79685097455936,-67.19072289776315],[-176.79980629011249,-67.18180565669583],[-176.79986166174663,-67.18154820518339],[-176.8017204883236,-67.17290069445717],[-176.80674392955748,-67.16928923054887],[-176.8091697181795,-67.16570795305172],[-176.81236666015133,-67.16001820290504],[-176.81422402788206,-67.15717030432216],[-176.8124014949144,-67.15375989217034],[-176.80419670542534,-67.14973761377291],[-176.80410629716565,-67.1490960840242],[-176.80350951254144,-67.14486059397666],[-176.80238289548294,-67.13966579690803],[-176.79935620646114,-67.13404910634024],[-176.79840129890422,-67.1310728230484],[-176.80132570841235,-67.12861665872055],[-176.80150296084818,-67.12852703267785],[-176.72566999505685,-67.12094862679531],[-176.7235197357135,-67.12073309794964],[-176.7132777634435,-67.11970601733039],[-176.70524081594968,-67.11956002234635],[-176.69474819288104,-67.12117933347292],[-176.6751514363556,-67.12127076999042],[-176.64533549989184,-67.1131528854503],[-176.64200945558855,-67.10545842431837],[-176.64002185610258,-67.10085785217635],[-176.63828655713894,-67.09825260753814],[-176.63117357111108,-67.09727798297403],[-176.62803194744498,-67.09747664320864],[-176.6152997470288,-67.09597946395836],[-176.6063817775581,-67.09831199614486],[-176.57410560281082,-67.10044502594445],[-176.52669114732373,-67.0984700698094],[-176.4565154841364,-67.09471280387586],[-176.42204527408822,-67.08649291414802],[-176.42181382324625,-67.08721777393188],[-176.42176584631196,-67.09161711609907],[-176.40952471851756,-67.09128367782624],[-176.39968592699628,-67.09119757453787],[-176.39825181701875,-67.09181544635572],[-176.3731679214533,-67.09434007080255],[-176.3670432728407,-67.09819701575206],[-176.36302352483395,-67.1021869397504],[-176.3573289201113,-67.10590874458453],[-176.35185412030427,-67.10805448277642],[-176.34549620698306,-67.10742284601442],[-176.33625375181995,-67.10524147072302],[-176.32768777996677,-67.10587887834542],[-176.32383863071212,-67.10748519881231],[-176.3226717244651,-67.10735152024445],[-176.33805606456747,-67.11565657710501],[-176.33244421117618,-67.12024957669504],[-176.32482298443847,-67.12218164207799],[-176.32185853418565,-67.12816696473037],[-176.30992268165,-67.12388707720712],[-176.2945405120979,-67.12162728875063],[-176.28782797411853,-67.12182957337335],[-176.28214014689902,-67.12376074780418],[-176.28948245481334,-67.1304594423522],[-176.30314522497494,-67.13028848739745],[-176.3253661875726,-67.13663217696408],[-176.3393087620467,-67.14368339262472],[-176.3540783805658,-67.14835974613352],[-176.3638681897086,-67.15239730853503],[-176.37250545832757,-67.1566086142243],[-176.37618121172395,-67.15984511443175],[-176.37932294528628,-67.16298993635986],[-176.3767056489672,-67.16614167812719],[-176.3757391339107,-67.16783824003011],[-176.3822433785334,-67.17168263236519],[-176.38718858526568,-67.17352188422001],[-176.39286134986017,-67.17697477843225],[-176.39675716015287,-67.18086814937779]]]}},{"type":"Feature","properties":{"id":"B22A","name":"Iceberg B22A","latitude":-69.48094,"longitude":170.12858,"length":"29 NM","width":"25 NM","areaSqKm":1423.13,"status":"Current","lastUpdate":"08/27/2026"},"geometry":{"type":"Polygon","coordinates":[[[169.85843130469874,-69.31772973450087],[169.85963187631606,-69.31727481770139],[169.86695151109802,-69.31861526938003],[169.88002934316015,-69.31836154904926],[169.8671298808294,-69.314433034177],[169.86688286707823,-69.31435778163812],[169.8636640373975,-69.31059523938673],[169.87028007154757,-69.30475399701731],[169.87535336889923,-69.3012887620143],[169.88553457927483,-69.30248878316057],[169.8903135409565,-69.30273025377501],[169.9060733986239,-69.30352552445477],[169.9206619575794,-69.30282887722639],[169.92424969208636,-69.301532592897],[169.93310416288998,-69.29833235388234],[169.9442760495676,-69.29717072933518],[169.95532003124268,-69.2979482977722],[169.96269740184843,-69.29846726217414],[169.98432027501855,-69.2994563405102],[170.00133989172593,-69.29963562001022],[170.00913734374097,-69.2997660257309],[170.0129862639453,-69.30067608127031],[170.01744111989262,-69.30141092247942],[170.01593589452293,-69.30488119738726],[170.0125585360631,-69.30844947861343],[170.0173422086208,-69.31525130756799],[170.0293540309807,-69.31865591637799],[170.05531867562698,-69.32257296580212],[170.0769638919335,-69.3251256979772],[170.1000553380495,-69.32359545993236],[170.115445292018,-69.32087349546279],[170.12795003501805,-69.32036080893461],[170.14382761845297,-69.32222596790899],[170.16355732843581,-69.3242578067511],[170.19257493362787,-69.32648804568437],[170.2044053719558,-69.32397087612765],[170.25035046524454,-69.32171699950965],[170.28469198571267,-69.3210394336514],[170.3169116052351,-69.32430866720148],[170.3739848308882,-69.32994128005438],[170.40045331318018,-69.3285639907044],[170.42175981855058,-69.33009004125506],[170.43599506682318,-69.33362460148743],[170.4464945046089,-69.33745206996774],[170.4514164653827,-69.33924560379818],[170.47477421852633,-69.34204479234756],[170.50616345988814,-69.3441473161308],[170.51870616511042,-69.34386274239952],[170.5269465625836,-69.34309445914899],[170.55039784273066,-69.346914877543],[170.5529069053708,-69.34632461454257],[170.5631993744909,-69.34390253958426],[170.57809906372148,-69.34235931459129],[170.59437878068775,-69.34173077609992],[170.61619064613848,-69.34476414956696],[170.6324710924771,-69.34413178780727],[170.64279315229356,-69.34859305109046],[170.65892656022933,-69.35318899396708],[170.67642768873802,-69.35856715809429],[170.68090436736736,-69.36331160619959],[170.68054045529217,-69.36406167895704],[170.6772671322458,-69.37080620610742],[170.6770731078064,-69.38066893530214],[170.67884930699663,-69.39188514175571],[170.6794499241979,-69.39219801168585],[170.67760454939315,-69.40035982100599],[170.6772996319599,-69.40638464332731],[170.67590737805972,-69.40896058833135],[170.68026073595126,-69.41402775537759],[170.68372565572562,-69.41731102846232],[170.6836866951025,-69.41780642486117],[170.69470940444265,-69.42960776407216],[170.7006508374527,-69.43068547522792],[170.71321673307398,-69.4366239752473],[170.71979328253545,-69.43899312240508],[170.73133286025674,-69.44156017764274],[170.75309902546678,-69.44419381556934],[170.75476093144542,-69.44935100842352],[170.75551636478835,-69.45169442498292],[170.7559781749624,-69.45626422911819],[170.7537299720022,-69.46323995646739],[170.76199521879585,-69.47297258868066],[170.75598092016656,-69.4768240610028],[170.76335982988226,-69.48407209282414],[170.76360079727,-69.48729204696323],[170.76994772991767,-69.50363910168905],[170.79978939383753,-69.52063398237861],[170.8014213322095,-69.52280433152906],[170.8007163330667,-69.52342125770538],[170.79629371436593,-69.52729049653273],[170.789889074711,-69.53091103170213],[170.77463702915102,-69.53064920597495],[170.77497010737548,-69.53255317848699],[170.76873097521297,-69.5372559517419],[170.77677500902954,-69.54033214440358],[170.77754156416637,-69.54272241097595],[170.7628012256728,-69.54866345702024],[170.7548086884483,-69.5517449342684],[170.75214022832495,-69.5557844563033],[170.75883357388688,-69.56033029157628],[170.75776681301662,-69.56194521557833],[170.74378286938568,-69.56152580025396],[170.73873314266072,-69.56482892988204],[170.7258202286481,-69.5696037209718],[170.72393875893547,-69.57414108523295],[170.7177847727224,-69.57748654200086],[170.70833080211153,-69.57746679615012],[170.69832792164445,-69.57746784531756],[170.68210416699267,-69.57538081569004],[170.66497210923336,-69.57041656502406],[170.66313151801342,-69.58038486818056],[170.68907291657925,-69.58773724526813],[170.68442030463493,-69.5913990819148],[170.67221189956894,-69.59323042617672],[170.65134654025707,-69.58704996075697],[170.64091870098025,-69.58395878169372],[170.63805595138413,-69.58193438952546],[170.63898074301216,-69.57782364143605],[170.64118064542026,-69.57599242171085],[170.62971790774037,-69.57488126323365],[170.62087455751146,-69.57502708683676],[170.61325592722608,-69.57376716519684],[170.607967884671,-69.56931301255197],[170.593130429808,-69.56095579540833],[170.59505270243102,-69.56709116388608],[170.57791157651116,-69.56902251209438],[170.57493537429312,-69.56820746144754],[170.55763430198223,-69.55571349781044],[170.54328903638333,-69.55955678867626],[170.53676529711163,-69.55999826190214],[170.53135203731145,-69.55865137903639],[170.52393754387563,-69.55621610103844],[170.50486860893142,-69.56275633659278],[170.4877394855419,-69.56301340223904],[170.48066462460847,-69.56347328147949],[170.48329637715605,-69.56841812223034],[170.4824758809691,-69.57116481816486],[170.47086938989415,-69.57315222156707],[170.45461237011963,-69.57628254799819],[170.44433327071675,-69.578994206802],[170.44087774660207,-69.58222680673049],[170.43828536079212,-69.58465123167949],[170.43704279207606,-69.58614847216627],[170.43573950676912,-69.58644547672401],[170.4349451150324,-69.5882673648059],[170.43078342022477,-69.5891982042892],[170.4260141070599,-69.58866116911494],[170.4256035052615,-69.58861492660266],[170.4156076082999,-69.58316694543579],[170.41148047002883,-69.58603574722306],[170.40654479033142,-69.58990426586097],[170.3947197005823,-69.59305764515048],[170.38809754316532,-69.59504812879968],[170.38082699263205,-69.60017121503842],[170.35780415435522,-69.60752378751722],[170.35916567398718,-69.609691728712],[170.35728387200038,-69.6126703860445],[170.3505642549956,-69.61621444011192],[170.3503266642257,-69.61631672964762],[170.35224803699762,-69.62129651638932],[170.35511190806812,-69.62206081571772],[170.36389503380565,-69.63085549064725],[170.36767128996814,-69.64332604766818],[170.37302241046928,-69.65650127563433],[170.3833106293831,-69.66039401120692],[170.39223886869584,-69.66669316375008],[170.3898996324166,-69.67402117510399],[170.38198579202668,-69.67578090638942],[170.3666187129943,-69.67847915537989],[170.35624593535556,-69.68293328960559],[170.3452282276564,-69.68896229338252],[170.3340338308706,-69.69072865787199],[170.32399494840558,-69.69581279068886],[170.3009098887685,-69.69387218063372],[170.30069944386844,-69.68573197282664],[170.2970165954917,-69.68276153899971],[170.29364557111975,-69.68268962429438],[170.29277972915563,-69.68387192687723],[170.29255959402582,-69.68347906620123],[170.2799928536189,-69.6907548011361],[170.2740280227488,-69.69412649074553],[170.27172248969177,-69.69900075496138],[170.2631079457352,-69.70008695861397],[170.25519843913142,-69.70541507672472],[170.24582838485244,-69.70394287279609],[170.24159914571683,-69.70524865575388],[170.21968690332682,-69.71134717706413],[170.21154483491705,-69.7108571338988],[170.20309211288355,-69.71251609940053],[170.1806375248328,-69.7140897513976],[170.1710854543968,-69.717725591929],[170.164670829399,-69.71872836118709],[170.15393131677985,-69.71833182756825],[170.14788250910667,-69.71485995096248],[170.14096223964145,-69.71413400738854],[170.1291191417743,-69.71377483339697],[170.12224947939464,-69.71130084598802],[170.11582290203592,-69.70842323192737],[170.10769815748864,-69.71122919917708],[170.0995111587849,-69.71190354899618],[170.07631780570125,-69.70693038453891],[170.07515982153222,-69.70499601100626],[170.0668040518781,-69.6973360145456],[170.04270244643843,-69.69119194078978],[170.02889732361754,-69.68197469923156],[169.9965270272658,-69.66234558642401],[169.97646874923552,-69.65450453690833],[169.95192564223532,-69.64255036378032],[169.95888733402404,-69.63959839918226],[169.9456200827703,-69.63597304246215],[169.94556570961836,-69.6357699513953],[169.93650012102125,-69.63125250275908],[169.93805720026018,-69.62887335912187],[169.94610749202948,-69.62782319991024],[169.9454159278143,-69.62338857617775],[169.95275045616668,-69.62178096325437],[169.95897264736726,-69.62214948400154],[169.95965295174236,-69.62231055696999],[169.96612546058265,-69.62384275783533],[169.9716890724054,-69.62384572343733],[169.98442863865415,-69.61972482335673],[169.9947363472666,-69.61684976787166],[169.99718598403126,-69.60784835689248],[170.01210715456463,-69.60558813662378],[170.01811046129424,-69.60324795397952],[170.01198725771374,-69.59738497000585],[170.01882617848722,-69.59304756627185],[170.01916158638045,-69.59290210027659],[170.01703661525173,-69.58971609342129],[170.0369220233366,-69.58517505740551],[170.03908027665196,-69.58259283389128],[170.03637469891407,-69.57979966800706],[170.03250584471652,-69.57580418561774],[170.02052122976474,-69.57897930967279],[170.01650605798338,-69.58004264722716],[170.0078138374158,-69.57903905054592],[169.9916765992763,-69.58271129077005],[169.97843664162264,-69.58872341348444],[169.9728747064436,-69.59065920515427],[169.96721206642178,-69.59027235351435],[169.96149556898322,-69.58969334295794],[169.9531713911384,-69.59366136909298],[169.94679632442325,-69.59271674860108],[169.9416409347595,-69.5901796805903],[169.93565633909466,-69.58889252578149],[169.92686852724384,-69.58700177581794],[169.91177678005332,-69.59061671075132],[169.91160971365096,-69.59259581462148],[169.9108740126598,-69.60130685353757],[169.9105239677162,-69.60403211558913],[169.8789164338386,-69.60626591815678],[169.87466084316296,-69.60569518150628],[169.8634601862537,-69.60902881035128],[169.85660413397918,-69.61399492789212],[169.84643719434393,-69.61743734895221],[169.83973156466385,-69.62134446811591],[169.83648882401332,-69.62571672754096],[169.83260928131224,-69.62778462358777],[169.8185721993326,-69.63135453364245],[169.8008809468958,-69.63581987920591],[169.7937920189584,-69.6383810166643],[169.79329455073085,-69.6426610436351],[169.7816836038609,-69.64498406460477],[169.77401221148807,-69.645431800223],[169.77276364970984,-69.64256015639478],[169.76803486587352,-69.6316767791946],[169.74747193655034,-69.62150405578585],[169.73087819099464,-69.61565583464464],[169.71546617307038,-69.61209267740206],[169.7139499196456,-69.61189606232219],[169.70601868873413,-69.61086733387955],[169.69876860267243,-69.60992653371392],[169.68846185897584,-69.60464439761886],[169.68479762010276,-69.60340769373687],[169.67758790380387,-69.6034488045341],[169.67302870128083,-69.60301594441025],[169.66773803484708,-69.59776342673976],[169.6655851696715,-69.58969681948047],[169.64618371618633,-69.57308558728725],[169.62325766752755,-69.56607885902285],[169.61613313959256,-69.56565848026143],[169.6140857219724,-69.56465652376052],[169.59476331970427,-69.56312221445414],[169.5993186942181,-69.55706705259965],[169.58819098464502,-69.55122011567185],[169.5878163039978,-69.55075569774243],[169.58910927120255,-69.53948112070718],[169.59263840853217,-69.53394497783289],[169.5933271664838,-69.53024313672286],[169.586846006801,-69.52777162508244],[169.5834914326119,-69.52649206515511],[169.5796385954255,-69.5202248871839],[169.5694563197468,-69.51299871398392],[169.5653100502106,-69.50557921093423],[169.56286044841326,-69.49829921009311],[169.560712526178,-69.49217154886622],[169.55846600107475,-69.48565991020625],[169.55268746430102,-69.47829324401502],[169.55258641795547,-69.47577936724943],[169.5476603017723,-69.4738069695532],[169.53994961953313,-69.47172971166181],[169.53472762870922,-69.4686047775508],[169.53671790852923,-69.46350739415955],[169.54084467728873,-69.46027793806522],[169.54159015664675,-69.45676916190261],[169.5375151073585,-69.45167188549657],[169.53776426401322,-69.44624305220584],[169.53751660464317,-69.4410237685699],[169.5403475453901,-69.43706138574281],[169.5454109480912,-69.43109160390082],[169.54593972265985,-69.43061630357549],[169.55121614939497,-69.42587228063987],[169.5566218899546,-69.42124633292718],[169.54720528873975,-69.41667657893285],[169.5427779591036,-69.41452717541067],[169.54247910624073,-69.40272832958821],[169.55758081354136,-69.39819911537768],[169.56849318604029,-69.39492423809119],[169.5849112967429,-69.37987625995838],[169.57193312587742,-69.37362444547585],[169.57387599661018,-69.37186040119063],[169.57996170898429,-69.37072265096153],[169.57953580370236,-69.36553209305836],[169.58345914661643,-69.36107350390574],[169.58327430621773,-69.36067608511001],[169.57801205658956,-69.35764427239708],[169.57274074007896,-69.35620752914961],[169.57258870453907,-69.3544295121788],[169.57415550238974,-69.35333386360128],[169.56432348372098,-69.34705430067636],[169.57292408842767,-69.34638968048127],[169.58212954776093,-69.34586469554637],[169.58274877660418,-69.34506849215005],[169.58392371965047,-69.343342802997],[169.58702645568312,-69.34277204980205],[169.58744016214519,-69.3389522427077],[169.59039670552266,-69.33556603221687],[169.59009219142334,-69.33228553889178],[169.58949381327463,-69.32998234877843],[169.59492085379168,-69.32767725668522],[169.61750255844717,-69.32385707089537],[169.63358120840257,-69.31483989930476],[169.63523758890884,-69.31010482531485],[169.63873486580167,-69.30882899188883],[169.65225011764053,-69.30994426429126],[169.65384042268158,-69.31007541579895],[169.66766019322372,-69.31058860494352],[169.6753590726827,-69.31072196395219],[169.67731646435487,-69.30964906882976],[169.68061917162143,-69.30783846722215],[169.68545190871865,-69.30748523805435],[169.69975960572066,-69.30857000823245],[169.70635673091618,-69.30818989845345],[169.7558503965961,-69.30931850753805],[169.7745509574988,-69.31241552482645],[169.78804737795875,-69.31483323360256],[169.7929730347026,-69.31241341481073],[169.79695158688037,-69.31092400571686],[169.80351441508225,-69.31089603152186],[169.81007153837515,-69.31222654974185],[169.8159702716981,-69.311453927967],[169.84210229398857,-69.31553085430883],[169.85843130469874,-69.31772973450087]]]}},{"type":"Feature","properties":{"id":"C18B","name":"Iceberg C18B","latitude":-67.02653,"longitude":47.37587,"length":"10 NM","width":"4 NM","areaSqKm":110.4,"status":"Current","lastUpdate":"08/27/2026"},"geometry":{"type":"Polygon","coordinates":[[[47.27602240957133,-66.93400705725836],[47.27460241405859,-66.93219100700567],[47.2721445218869,-66.9304090826148],[47.27217648087749,-66.92813244347965],[47.27446347796055,-66.9265120962167],[47.2773326190884,-66.92643268029028],[47.28282024366689,-66.92620078088724],[47.288808981449,-66.92611446097025],[47.29287503010632,-66.92683994531355],[47.294093278625354,-66.92893491050873],[47.29415453976298,-66.92904025669509],[47.294366703996566,-66.93077782449907],[47.29588846323457,-66.93243906257999],[47.29846937993961,-66.93395105410833],[47.30686510157466,-66.93608625418615],[47.3218861225923,-66.93862142582665],[47.345322785286946,-66.94390011221071],[47.36534178643311,-66.94955162480211],[47.37106332163322,-66.95166597917076],[47.37897118452426,-66.957152538632],[47.39561853106323,-66.96851403567177],[47.42358587197299,-66.98831118276028],[47.43734602476125,-67.00117766220914],[47.43754508901282,-67.00241609232745],[47.43962035969048,-67.00294612794269],[47.448695414187966,-67.01274178262983],[47.4676778559867,-67.02702841957692],[47.493312985788386,-67.04853881758024],[47.50419651317438,-67.06032864163294],[47.51238343103307,-67.06921358882951],[47.513675094557534,-67.07179133117407],[47.514429293466605,-67.0732961973893],[47.51271767980059,-67.07523739500026],[47.504762104474956,-67.07614819498278],[47.48276762693213,-67.0785041353428],[47.46372341714935,-67.08094490718773],[47.4553643392311,-67.08371583281816],[47.45108431462196,-67.08617182915336],[47.44642180962589,-67.08884657246463],[47.444568560815014,-67.08894892043091],[47.43992406493899,-67.09182960482227],[47.432109100237284,-67.0974719774885],[47.427429914023875,-67.10103519043284],[47.42629283787016,-67.10139821441317],[47.42434520475755,-67.10340941972706],[47.42221294677408,-67.10370989860411],[47.41918887254103,-67.10344969260153],[47.41458052947164,-67.10258184790047],[47.40934611260015,-67.10183819727239],[47.40602709487383,-67.10255836402389],[47.40365355404539,-67.10339815791374],[47.398399984390714,-67.10493213683725],[47.39245289965323,-67.1064189305061],[47.38655972810447,-67.10746443459801],[47.376245035622105,-67.10754214991658],[47.364587878993156,-67.10997421056442],[47.358428930686124,-67.11033345357798],[47.351808960088675,-67.10949339324662],[47.345421822780075,-67.10750120995532],[47.34193252139516,-67.1019253644798],[47.32740819362397,-67.08631003896419],[47.30625536393009,-67.05444768599025],[47.304530821412044,-67.043806973561],[47.3021120523351,-67.02886629550538],[47.29539615620205,-67.02139095449792],[47.291728670132485,-67.00165597231128],[47.287632867733265,-66.99356009581028],[47.28354171696819,-66.98166319861518],[47.2799268721788,-66.97011599016508],[47.275004225593975,-66.95928806459195],[47.276951214656386,-66.95016648834925],[47.2750230836892,-66.93648407442808],[47.27602240957133,-66.93400705725836]]]}},{"type":"Feature","properties":{"id":"D15C","name":"Iceberg D15C","latitude":-67.21813,"longitude":79.41126,"length":"14 NM","width":"7 NM","areaSqKm":115.62,"status":"Current","lastUpdate":"08/27/2026"},"geometry":{"type":"Polygon","coordinates":[[[79.51522178260592,-67.24414889855954],[79.5095947124441,-67.24837372305656],[79.50361749238061,-67.24972712902301],[79.48973473617112,-67.25738508861578],[79.48351362169012,-67.26476582488102],[79.48388790543784,-67.26909051336968],[79.45419150435966,-67.28692248275806],[79.43332421818006,-67.28821800336286],[79.4295655808328,-67.29194400725221],[79.42785115148708,-67.29236886306943],[79.42166557333611,-67.29390143127809],[79.41783989781436,-67.29295057756909],[79.40442130022056,-67.28954006186302],[79.39867143198397,-67.28468750838303],[79.37614703609405,-67.27778435760999],[79.35392251433461,-67.26935767439015],[79.32676052028047,-67.254692445877],[79.2843013189612,-67.24073709109702],[79.27813700915648,-67.2387086061111],[79.27744834418188,-67.23848194878906],[79.27523171420798,-67.23822793308338],[79.26417209854289,-67.23634584668274],[79.26632137650552,-67.23288359728839],[79.27113157636273,-67.22962483613026],[79.27250767940727,-67.22869236768835],[79.27567525947269,-67.22450425828497],[79.27259737385216,-67.22434393851483],[79.26414679627871,-67.22365139868973],[79.26455310987176,-67.22128983166793],[79.27128143801605,-67.21740216738097],[79.27316349898612,-67.21537968354855],[79.2807939660861,-67.20717600976963],[79.28527457172902,-67.201911203637],[79.289709954651,-67.19882036298668],[79.29402095957809,-67.19540231282853],[79.299841501928,-67.19256667299007],[79.31266055676176,-67.1911708648282],[79.3134001047068,-67.19062420923812],[79.3207372756919,-67.18519913341221],[79.34105048260922,-67.17518840712862],[79.35025294710441,-67.16881627828015],[79.35318654039929,-67.16179953810895],[79.35248363613182,-67.15815266769974],[79.35274813084675,-67.15807455630414],[79.3545550641217,-67.15771250218765],[79.35929424844882,-67.15620885617608],[79.36302881093609,-67.15582337956637],[79.36545761874245,-67.1561476021919],[79.37557083610272,-67.15645796482053],[79.37947059536648,-67.15631204888952],[79.38180550042418,-67.15534148987422],[79.38250348440609,-67.15505133075644],[79.3847561769558,-67.15381978217277],[79.38810310701022,-67.15224126010028],[79.39092120505792,-67.1509119261851],[79.39616558326588,-67.15063859981692],[79.39951523176279,-67.15021431608969],[79.39959895002085,-67.1502037107756],[79.40323346808282,-67.14899638821313],[79.4078609752066,-67.14782807636044],[79.41702716223655,-67.14671799114072],[79.4200828748246,-67.14713811160763],[79.42543958320714,-67.14731834507482],[79.42717468083225,-67.14717633723602],[79.43422859027403,-67.14706269533252],[79.4371604682648,-67.14855791421778],[79.43775378642597,-67.15014160699869],[79.43795733840412,-67.15174005444695],[79.43956857908638,-67.15267337189142],[79.44715193769686,-67.15230967602348],[79.45328982895087,-67.1524593517142],[79.4567368746157,-67.15286392391525],[79.46188126452147,-67.15297447685913],[79.46526711158842,-67.1539166024306],[79.467888396508,-67.15572911949606],[79.46788676926136,-67.1596301258399],[79.46533078606042,-67.16355179458402],[79.46711164100368,-67.16593180429923],[79.46940575820223,-67.16722142298782],[79.47218979795669,-67.16810992080472],[79.474989283886,-67.16983921397966],[79.47737607945609,-67.17227263942875],[79.47850082467878,-67.17360670911368],[79.47982454526003,-67.17416825492509],[79.48290799301073,-67.17389778318203],[79.48784310494173,-67.1739391080494],[79.49187611046013,-67.17508565442952],[79.50147024866686,-67.181068520485],[79.50593406365569,-67.18235132237221],[79.51488502702902,-67.18422717906051],[79.52288078950778,-67.18621571940157],[79.53053060613091,-67.1869642551589],[79.53546461659927,-67.1884100956846],[79.53788111275762,-67.19015332290768],[79.5380535240899,-67.1916003234148],[79.53783545097316,-67.19306234757036],[79.53312421656803,-67.1954621524912],[79.53479512139972,-67.19891731938354],[79.54214749056582,-67.2037607927212],[79.54787756499896,-67.21073242083858],[79.55217400972187,-67.21209724063411],[79.55373497047206,-67.21356739271121],[79.55398630115955,-67.21531755518058],[79.54123185860757,-67.2210114182599],[79.53745216420154,-67.22398769562813],[79.53680033601562,-67.22684380783733],[79.53546472616335,-67.22934360155058],[79.5327033661022,-67.23203961654],[79.52850795129702,-67.23493153146865],[79.52810943186957,-67.23520181506002],[79.5231444997081,-67.23601373320399],[79.52008685606867,-67.23796716273995],[79.51735961378878,-67.24044351013742],[79.5152986534703,-67.24243523160608],[79.51522178260592,-67.24414889855954]]]}},{"type":"Feature","properties":{"id":"B51","name":"Iceberg B51","latitude":-74.24812,"longitude":-131.68271,"length":"15 NM","width":"3 NM","areaSqKm":79.0,"status":"Current","lastUpdate":"08/27/2026"},"geometry":{"type":"Polygon","coordinates":[[[-132.00755666613443,-74.18474349933545],[-132.0108511880157,-74.18352831164583],[-132.01143621433698,-74.18115821829562],[-132.00508180008958,-74.17852777029731],[-131.99635669990516,-74.17744207425015],[-131.98801576162825,-74.17600112090847],[-131.98360034947297,-74.17578730286313],[-131.9812996393719,-74.17629298076308],[-131.97518323731086,-74.17704914696012],[-131.95851984139006,-74.17696830136765],[-131.95310959234152,-74.17765410623264],[-131.94839467247724,-74.17814034609863],[-131.94293668836224,-74.17830691780307],[-131.93936945948823,-74.17833086106852],[-131.93486259382954,-74.17849084525426],[-131.930146849249,-74.1789766763546],[-131.92450838958945,-74.1797930738967],[-131.9167804235304,-74.18120730319559],[-131.9095382648013,-74.18274787789058],[-131.9027078678194,-74.18357149749701],[-131.89840296783615,-74.1833399061983],[-131.89217809000058,-74.18292594062181],[-131.88647432286513,-74.18302771638956],[-131.8818229908572,-74.18429095478318],[-131.87642917967574,-74.18523429042648],[-131.87144938616117,-74.18546083709104],[-131.86594925128756,-74.18517128992171],[-131.8599569135644,-74.18468998051037],[-131.85187854250017,-74.18487072182006],[-131.84623388086845,-74.18568502760041],[-131.84156760944674,-74.18681763130482],[-131.83599213235502,-74.18847505218382],[-131.82796538403042,-74.18930363278969],[-131.8222159825081,-74.18888465417211],[-131.81648824356284,-74.1887250239787],[-131.81079250196635,-74.18895449955507],[-131.80632363070913,-74.18963073979471],[-131.79989758952865,-74.18966961863265],[-131.79323875376966,-74.18977460553349],[-131.78899123329674,-74.19025442063852],[-131.78404500697823,-74.19093304083736],[-131.76869635473446,-74.19520648171407],[-131.7569032128225,-74.1966954220463],[-131.74374544798562,-74.19981428729295],[-131.71847060863277,-74.2085791785862],[-131.71106091528296,-74.2114768717366],[-131.70854195581532,-74.21285408318758],[-131.70816802832982,-74.21421929038009],[-131.70468498807972,-74.2154720250352],[-131.69048946473083,-74.22022420706111],[-131.68230554963824,-74.22247605523927],[-131.65472183284928,-74.22710379874977],[-131.62633126231614,-74.23406889570123],[-131.60307072963838,-74.23957608171744],[-131.59853520575024,-74.24310432948369],[-131.5909318013064,-74.24723214132153],[-131.57357025769142,-74.25205725025246],[-131.58090582402522,-74.25448760424061],[-131.576239546816,-74.25976878364831],[-131.5712662948951,-74.26050739104944],[-131.56675352539386,-74.2609839653906],[-131.56013130788043,-74.26211987589741],[-131.5568433633818,-74.26304466735937],[-131.55549824643754,-74.26441439900061],[-131.55390942732592,-74.26572039002264],[-131.54803157957136,-74.26730671519712],[-131.54189219324167,-74.26856955612195],[-131.53644019335968,-74.26937454313374],[-131.53191542893936,-74.26972059377282],[-131.5252412998566,-74.270141583757],[-131.5214173131478,-74.27022445440261],[-131.49944091194038,-74.27474048458144],[-131.49382561527875,-74.27684341463109],[-131.4908060614449,-74.27835019307385],[-131.48441825928816,-74.27961247934951],[-131.46447563791946,-74.28249279732394],[-131.4360057643975,-74.28716058757848],[-131.42722192569514,-74.28856120279269],[-131.42822884509243,-74.28940084374467],[-131.4301904105565,-74.29017150903286],[-131.43003348785376,-74.2916003328684],[-131.42793336171584,-74.29258298504269],[-131.42726321895256,-74.29342973665823],[-131.42323063587966,-74.29416085414192],[-131.4180253981714,-74.29535122478528],[-131.40883667623183,-74.2981809389198],[-131.40439925271525,-74.30027663330696],[-131.39181227102097,-74.30247043065106],[-131.35830607790214,-74.30825173668485],[-131.35328971195955,-74.30866076808164],[-131.34922230182374,-74.30887126656762],[-131.34372236216612,-74.30921701912436],[-131.3411074828663,-74.30968145185832],[-131.33874923855427,-74.31046946306166],[-131.3373571178811,-74.31138361124368],[-131.3362249637037,-74.3126862719859],[-131.33458245963374,-74.31340659932307],[-131.3148118451058,-74.31633701336771],[-131.31029453223292,-74.31719760093682],[-131.30927370225672,-74.32077186005482],[-131.31673836741896,-74.32119876724859],[-131.32225641939937,-74.32111333226281],[-131.3377351612148,-74.31865301533358],[-131.35849198600192,-74.31623594312718],[-131.37764522448242,-74.31973088037225],[-131.3805007250646,-74.3192650237208],[-131.38977902070255,-74.31773449547474],[-131.3971646694165,-74.31673065821288],[-131.40982131869788,-74.31557493583787],[-131.4218158820455,-74.31545994905132],[-131.42729753927682,-74.31478764676379],[-131.43158654408649,-74.31425010740504],[-131.4397180321333,-74.31376096326808],[-131.4471560454283,-74.31372894167322],[-131.4526745626301,-74.31370501705887],[-131.46353013963778,-74.3146313357998],[-131.46858082127616,-74.3148038172327],[-131.47819072797878,-74.31495585096306],[-131.48753284202618,-74.31465421415025],[-131.49615072749089,-74.31429054148721],[-131.50161655341904,-74.313421609098],[-131.5104159643323,-74.3121476295408],[-131.51904844106892,-74.3120426353615],[-131.52579490124484,-74.31246552026452],[-131.53057637581898,-74.31218333476157],[-131.53531984820458,-74.31131693259148],[-131.54278892185775,-74.30810026671291],[-131.54715885514258,-74.305222839458],[-131.58450248226836,-74.30056084823485],[-131.59656784768006,-74.29816333226613],[-131.6043651971011,-74.29650093261426],[-131.61486027429785,-74.29573333100163],[-131.62755682867495,-74.29560301787305],[-131.63717948166328,-74.29607232095114],[-131.64447357768242,-74.2941513676213],[-131.65295486524892,-74.28878308147529],[-131.66279154037107,-74.28623553165846],[-131.66599690856808,-74.28591899134013],[-131.67639099639197,-74.2848921177196],[-131.6812932783438,-74.28302683244902],[-131.68508754848094,-74.28263755996174],[-131.68592951324806,-74.28107488497554],[-131.68580411001605,-74.27938765843257],[-131.68521446914247,-74.27789772637202],[-131.68607063290318,-74.27652974660636],[-131.6873908133137,-74.27496447199046],[-131.6893608994512,-74.27248676728505],[-131.68857057984152,-74.2715173195489],[-131.69174102359722,-74.26909795027693],[-131.70176813355232,-74.26397843670094],[-131.70638064189876,-74.2633042335261],[-131.7201672279144,-74.25900742731845],[-131.75649175474362,-74.24951655612219],[-131.79067024131948,-74.24061645586934],[-131.80464157753062,-74.23910439285697],[-131.81178293817328,-74.23880148091699],[-131.81585777321627,-74.23897144567621],[-131.8215049613136,-74.23907159818785],[-131.82654770178863,-74.23825688213236],[-131.82836037038737,-74.23707723746506],[-131.8306501694764,-74.23589463550013],[-131.8332749652526,-74.23393350452751],[-131.83785557055003,-74.23316442789415],[-131.84133573849158,-74.23257999493752],[-131.84653689962212,-74.23170637083693],[-131.84983060732338,-74.23109558978135],[-131.85443204451505,-74.23032188991702],[-131.86114122913057,-74.22919346970747],[-131.86583288705384,-74.22840415541994],[-131.86925014743414,-74.22649991182534],[-131.8711084084939,-74.22590385695412],[-131.88959224651794,-74.21877654634307],[-131.89451492120693,-74.21789885195173],[-131.89513938758736,-74.21685615798705],[-131.89482723349715,-74.21601428247065],[-131.9656799812207,-74.19795130971372],[-131.9700307141139,-74.1960390731767],[-131.9723077086793,-74.19385240210913],[-131.9745125531092,-74.19342344140088],[-131.97848753662046,-74.1926499772394],[-131.98391118451391,-74.1915943813719],[-132.00755666613443,-74.18474349933545]]]}},{"type":"Feature","properties":{"id":"D15D","name":"Iceberg D15D","latitude":-67.28946,"longitude":79.29904,"length":"8 NM","width":"6 NM","areaSqKm":55.89,"status":"Current","lastUpdate":"08/27/2026"},"geometry":{"type":"Polygon","coordinates":[[[79.2509729294865,-67.31352849331161],[79.25312740441133,-67.31256136502783],[79.25686463070326,-67.31010090119376],[79.25592959153583,-67.30696913083267],[79.25329519833332,-67.30306576134963],[79.25073955990078,-67.2990070619137],[79.24682314343114,-67.29516880900287],[79.24516408054251,-67.29182165307452],[79.23841176426357,-67.2861592996385],[79.23491389207038,-67.28315768112768],[79.228772896028,-67.28044122848966],[79.21757950978377,-67.27782870515215],[79.18259710175901,-67.27197462334232],[79.17783673340442,-67.26984298710774],[79.1841551489616,-67.26226058396297],[79.19347725578554,-67.2578055459291],[79.19664356863048,-67.25482078543223],[79.2029516110435,-67.25303942755443],[79.20870156930724,-67.25153820529214],[79.21324727827795,-67.24994628840379],[79.2183374658962,-67.24726722263631],[79.2219356343105,-67.24673192263506],[79.2286889175805,-67.24820599609862],[79.23444820647094,-67.24751038688821],[79.23793091060185,-67.24471024671739],[79.24702747167846,-67.24233113061769],[79.25923956250413,-67.23954054132588],[79.26962579721953,-67.23790143395607],[79.27552767227102,-67.24108174811182],[79.28937692950593,-67.24501650168844],[79.31550009808042,-67.25356933708194],[79.33510970172811,-67.26018275233452],[79.34129055995,-67.2645078542066],[79.34395219069901,-67.26921578250911],[79.35012074124306,-67.2727339974879],[79.35810309423756,-67.27848031754262],[79.38048470490936,-67.28545204395836],[79.38880972544689,-67.28799991567571],[79.39480065743263,-67.29021391181841],[79.39880026285422,-67.29308607568706],[79.40021553149002,-67.29528433925091],[79.40741434518833,-67.30096911309433],[79.4024882731617,-67.30334432601063],[79.40059004039658,-67.30465407809497],[79.3975209523141,-67.30748827355157],[79.39134423302445,-67.31154305863384],[79.38725506587708,-67.31559072847571],[79.38415930317429,-67.32100047079471],[79.38537977162568,-67.32527889104418],[79.38337809344115,-67.32931972701401],[79.37577725553417,-67.33117545648392],[79.36603210807785,-67.33061704212098],[79.35901298186153,-67.32961504375236],[79.34690178340091,-67.33129711099244],[79.34217805951567,-67.33239755214787],[79.33403114374693,-67.33533895527884],[79.32949243057409,-67.33774185907342],[79.32310858662349,-67.34049134138665],[79.31824215220237,-67.34270867535422],[79.31208815364307,-67.34499155395949],[79.307959750502,-67.3463483790096],[79.30715653694783,-67.34616779017291],[79.30174737195401,-67.3433713111874],[79.29777842535695,-67.34118769967311],[79.29598458795529,-67.33909263222947],[79.29348822606232,-67.33586008100812],[79.29235196092895,-67.33291126227492],[79.28162954520447,-67.32947315110222],[79.27110661964231,-67.32685765157053],[79.25910270442101,-67.31981045753324],[79.24753865551129,-67.3164002426549],[79.24704911337743,-67.31433513929973],[79.2509729294865,-67.31352849331161]]]}},{"type":"Feature","properties":{"id":"D33D","name":"Iceberg D33D","latitude":-63.58294,"longitude":-55.23739,"length":"15 NM","width":"6 NM","areaSqKm":205.66,"status":"Current","lastUpdate":"08/27/2026"},"geometry":{"type":"Polygon","coordinates":[[[-54.94547804167348,-63.60570719747817],[-54.948259856903775,-63.608769905634425],[-54.95015865172543,-63.61056623687946],[-54.95329237522472,-63.61166520524254],[-54.959148719569235,-63.6192827091411],[-54.964009492154545,-63.623159604162275],[-54.970352568320706,-63.6280766432822],[-54.99872343390023,-63.63722452950824],[-55.01101175614409,-63.63370170890247],[-55.033741665814766,-63.630787954720084],[-55.05175013031158,-63.629436131791024],[-55.07344636054892,-63.63240769314215],[-55.098078715205496,-63.63127723040015],[-55.101476102483446,-63.63089950498625],[-55.11115795249384,-63.62950141833881],[-55.12410866743232,-63.62846089286264],[-55.13340908655821,-63.62927095543416],[-55.14457653806996,-63.628908743276654],[-55.150733195306316,-63.62862317235669],[-55.169855528342794,-63.63371370131827],[-55.19427701133679,-63.633792612820564],[-55.211561236281845,-63.633382197699206],[-55.265843775623445,-63.62752555454752],[-55.30270532723002,-63.62280789535071],[-55.33149296579458,-63.62325045271154],[-55.35137641283052,-63.62043691068238],[-55.38033013972319,-63.61297386144124],[-55.39286793050942,-63.610906311602726],[-55.40296075348095,-63.606784824423315],[-55.41462639756932,-63.5997504940755],[-55.427111886614234,-63.5910136238789],[-55.43494671606563,-63.58706559486836],[-55.441285508298314,-63.58553822980671],[-55.45743024804599,-63.58506007185451],[-55.46404628900004,-63.585268129935585],[-55.46573727677113,-63.583013253672284],[-55.464488967846904,-63.58241063237818],[-55.4645339041807,-63.580693402751],[-55.46757754569008,-63.578665998315074],[-55.46938649344288,-63.57814577661042],[-55.47138066643014,-63.57757223345299],[-55.47423279700192,-63.57675183779621],[-55.473920889890586,-63.57441691753693],[-55.47319882488865,-63.57305874124324],[-55.473046405627635,-63.57277201531983],[-55.4734719441492,-63.568640621764],[-55.482710622789845,-63.55174547309763],[-55.487695877166786,-63.548869039926835],[-55.4905241990333,-63.5467337102343],[-55.491196368722676,-63.5453396101666],[-55.4901828311906,-63.54316452696222],[-55.484910330765,-63.54075870930846],[-55.47971579415074,-63.53862179685104],[-55.46894165743655,-63.5368029226048],[-55.46017582364836,-63.53628027630107],[-55.44806980087337,-63.535898286806535],[-55.44264522380618,-63.53523318915244],[-55.437377203785715,-63.533585694301415],[-55.43175529240687,-63.530692852052844],[-55.42303150831891,-63.5299221429288],[-55.413168769341034,-63.52936130276408],[-55.407746488291025,-63.52869474600127],[-55.40091075416387,-63.526502058282105],[-55.39678665132913,-63.52464261000538],[-55.38983441861664,-63.523185920267615],[-55.385513922750164,-63.522553711688445],[-55.3783648234991,-63.52232398062996],[-55.371215852130966,-63.52209385356098],[-55.36905589985945,-63.52177745689024],[-55.36096650550527,-63.52052926810351],[-55.35778670114963,-63.519686146294575],[-55.353937734094345,-63.519561664696376],[-55.348359478522866,-63.519874635188884],[-55.344350776443385,-63.52073187216438],[-55.33873215096713,-63.52128992466592],[-55.33107402952612,-63.52079420478177],[-55.32667517851937,-63.52065101317995],[-55.32392591622207,-63.52056144340769],[-55.31830688473463,-63.52111860176254],[-55.31574551623412,-63.523256241309895],[-55.31149362125967,-63.52558543341978],[-55.30622159057584,-63.527387527486766],[-55.301660299198055,-63.5282254573261],[-55.294817801805884,-63.52948205172651],[-55.2935964341772,-63.53018243518097],[-55.29091067580228,-63.53305614398009],[-55.28873396814662,-63.53619340028781],[-55.28604703166198,-63.53906707570789],[-55.28242120469928,-63.54092252789778],[-55.27954813570879,-63.54156850004221],[-55.270071585412666,-63.54199675450314],[-55.24531009297642,-63.54117751759207],[-55.22110039413525,-63.54037187323013],[-55.21394781953351,-63.540132966219666],[-55.20962882965205,-63.53949479873565],[-55.201843768887755,-63.539727758892454],[-55.19770290609428,-63.541316903219226],[-55.194277440128786,-63.541942505530564],[-55.18539105688144,-63.542137511462855],[-55.17151102195516,-63.542410297135234],[-55.164108112802,-63.543641416201645],[-55.155603986451396,-63.544834833933365],[-55.147099063911575,-63.54602769238571],[-55.141386739813676,-63.54706808392605],[-55.13516563954107,-63.547844036891526],[-55.12957857161111,-63.548147526446485],[-55.122974984367154,-63.54792230108013],[-55.11687962516009,-63.54796100093789],[-55.11247732436384,-63.54781045376103],[-55.108032825282734,-63.547905206641744],[-55.106594121779416,-63.5498311189528],[-55.10680629854816,-63.55181360039904],[-55.10981281086919,-63.553644866185785],[-55.11057571723965,-63.55564620896951],[-55.110153259840786,-63.558100814751796],[-55.10714708009972,-63.559479361245074],[-55.094441944699454,-63.56250048356749],[-55.084699565627616,-63.56438786256345],[-55.07792189378994,-63.565142143928426],[-55.07105283628718,-63.56490522120101],[-55.070118459408775,-63.565436253861556],[-55.043148887763515,-63.58393379903398],[-55.031583325463224,-63.59000447801106],[-55.00342232683694,-63.59453231595912],[-54.98573781172264,-63.59627585417042],[-54.944105476465374,-63.60349334491144],[-54.94547804167348,-63.60570719747817]]]}}]}